filename,width,height,class,xmin,ymin,xmax,ymax
IMG_0016.JPEG,1536,2048,box,133,925,405,1259
IMG_0016.JPEG,1536,2048,box,405,908,644,1230
IMG_0016.JPEG,1536,2048,box,633,874,848,1198
IMG_0016.JPEG,1536,2048,box,846,842,1022,1166
IMG_0016.JPEG,1536,2048,box,1025,832,1203,1144
IMG_0016.JPEG,1536,2048,box,1197,804,1361,1130
IMG_0016.JPEG,1536,2048,box,1365,830,1497,1089
IMG_0016.JPEG,1536,2048,box,933,1255,1080,1502
IMG_0016.JPEG,1536,2048,box,1080,1227,1227,1468
IMG_0016.JPEG,1536,2048,box,1227,1189,1361,1430
IMG_0016.JPEG,1536,2048,box,1405,332,1536,672
IMG_0015.JPEG,1536,2048,box,150,919,388,1232
IMG_0015.JPEG,1536,2048,box,363,883,542,1161
IMG_0015.JPEG,1536,2048,box,529,870,667,1132
IMG_0015.JPEG,1536,2048,box,663,851,780,1093
IMG_0015.JPEG,1536,2048,box,774,859,869,1044
IMG_0015.JPEG,1536,2048,box,859,815,948,1015
IMG_0015.JPEG,1536,2048,box,931,785,1010,993
IMG_0015.JPEG,1536,2048,box,1008,764,1069,968
IMG_0015.JPEG,1536,2048,box,150,1364,344,1678
IMG_0015.JPEG,1536,2048,box,316,1296,471,1606
IMG_0015.JPEG,1536,2048,box,461,1281,603,1527
IMG_0015.JPEG,1536,2048,box,586,1219,708,1438
IMG_0015.JPEG,1536,2048,box,686,1168,795,1383
IMG_0015.JPEG,1536,2048,box,854,1072,954,1287
IMG_0015.JPEG,1536,2048,box,846,1366,929,1555
IMG_0015.JPEG,1536,2048,box,1020,1013,1099,1208
IMG_0015.JPEG,1536,2048,box,763,415,861,704
IMG_0015.JPEG,1536,2048,box,850,427,935,698
IMG_0015.JPEG,1536,2048,box,942,466,1018,696
IMG_0015.JPEG,1536,2048,box,1010,487,1084,687
IMG_0014.JPEG,1536,2048,box,1084,106,1193,400
IMG_0014.JPEG,1536,2048,box,12,1044,308,1398
IMG_0014.JPEG,1536,2048,box,295,1019,518,1344
IMG_0014.JPEG,1536,2048,box,514,968,708,1270
IMG_0014.JPEG,1536,2048,box,688,934,861,1247
IMG_0014.JPEG,1536,2048,box,842,927,967,1191
IMG_0014.JPEG,1536,2048,box,476,1391,637,1723
IMG_0014.JPEG,1536,2048,box,61,1621,297,1919
IMG_0014.JPEG,1536,2048,box,288,1589,484,1819
IMG_0014.JPEG,1536,2048,box,771,1332,886,1559
IMG_0014.JPEG,1536,2048,box,882,1276,995,1519
IMG_0014.JPEG,1536,2048,box,982,1238,1086,1453
IMG_0014.JPEG,1536,2048,box,1146,1142,1235,1376
IMG_0014.JPEG,1536,2048,box,967,904,1074,1157
IMG_0014.JPEG,1536,2048,box,1071,923,1159,1125
IMG_0014.JPEG,1536,2048,box,1152,868,1242,1098
IMG_0014.JPEG,1536,2048,box,1231,834,1303,1068
IMG_0014.JPEG,1536,2048,box,1308,821,1363,1053
IMG_0014.JPEG,1536,2048,box,1363,815,1414,1030
IMG_0014.JPEG,1536,2048,box,1414,806,1480,1013
IMG_0014.JPEG,1536,2048,box,1129,1436,1216,1647
IMG_0013.JPEG,1536,2048,box,239,857,482,1187
IMG_0013.JPEG,1536,2048,box,484,844,688,1130
IMG_0013.JPEG,1536,2048,box,680,791,844,1089
IMG_0013.JPEG,1536,2048,box,848,778,980,1055
IMG_0013.JPEG,1536,2048,box,984,761,1110,1027
IMG_0013.JPEG,1536,2048,box,291,1400,484,1666
IMG_0013.JPEG,1536,2048,box,471,1385,652,1591
IMG_0013.JPEG,1536,2048,box,644,1253,788,1508
IMG_0013.JPEG,1536,2048,box,791,1200,914,1442
IMG_0013.JPEG,1536,2048,box,910,1159,1016,1387
IMG_0013.JPEG,1536,2048,box,1222,306,1310,596
IMG_0013.JPEG,1536,2048,box,1327,313,1399,608
IMG_0013.JPEG,1536,2048,box,1412,364,1478,596
IMG_0013.JPEG,1536,2048,box,346,1776,537,2036
IMG_0013.JPEG,1536,2048,box,546,1668,712,1964
IMG_0013.JPEG,1536,2048,box,718,1593,850,1838
IMG_0013.JPEG,1536,2048,box,861,1525,980,1727
IMG_0013.JPEG,1536,2048,box,976,1461,1082,1659
IMG_0013.JPEG,1536,2048,box,1088,1387,1167,1572
IMG_0013.JPEG,1536,2048,box,1018,1121,1114,1347
IMG_0013.JPEG,1536,2048,box,1112,1081,1199,1287
IMG_0013.JPEG,1536,2048,box,1269,989,1354,1208
IMG_0013.JPEG,1536,2048,box,1359,989,1435,1174
IMG_0010.JPEG,1536,2048,box,278,751,526,1031
IMG_0010.JPEG,1536,2048,box,528,720,749,1023
IMG_0010.JPEG,1536,2048,box,758,725,970,1017
IMG_0010.JPEG,1536,2048,box,979,718,1197,1012
IMG_0010.JPEG,1536,2048,box,1205,709,1424,1020
IMG_0010.JPEG,1536,2048,box,113,1233,302,1433
IMG_0010.JPEG,1536,2048,box,295,1238,479,1420
IMG_0010.JPEG,1536,2048,box,481,1160,671,1409
IMG_0010.JPEG,1536,2048,box,663,1152,844,1396
IMG_0010.JPEG,1536,2048,box,841,1143,1020,1389
IMG_0010.JPEG,1536,2048,box,1037,1126,1203,1401
IMG_0010.JPEG,1536,2048,box,1232,1133,1376,1378
IMG_0010.JPEG,1536,2048,box,178,1561,357,1793
IMG_0010.JPEG,1536,2048,box,354,1553,574,1789
IMG_0010.JPEG,1536,2048,box,554,1517,759,1759
IMG_0010.JPEG,1536,2048,box,761,1508,957,1744
IMG_0010.JPEG,1536,2048,box,961,1491,1137,1732
IMG_0010.JPEG,1536,2048,box,1159,1466,1331,1710
IMG_0010.JPEG,1536,2048,box,44,727,295,1059
IMG_0010.JPEG,1536,2048,box,1433,730,1536,1008
IMG_0017.JPEG,1536,2048,box,197,827,497,1219
IMG_0017.JPEG,1536,2048,box,501,859,782,1198
IMG_0017.JPEG,1536,2048,box,771,819,1054,1208
IMG_0017.JPEG,1536,2048,box,1080,819,1339,1215
IMG_0017.JPEG,1536,2048,box,1369,821,1536,1210
IMG_0017.JPEG,1536,2048,box,1174,1364,1374,1672
IMG_0017.JPEG,1536,2048,box,1401,1353,1536,1681
IMG_0018.JPEG,1536,2048,box,61,832,446,1296
IMG_0018.JPEG,1536,2048,box,429,849,793,1296
IMG_0018.JPEG,1536,2048,box,793,847,1105,1278
IMG_0018.JPEG,1536,2048,box,1135,881,1412,1274
IMG_0018.JPEG,1536,2048,box,561,1449,808,1804
IMG_0018.JPEG,1536,2048,box,839,1438,1074,1800
IMG_0018.JPEG,1536,2048,box,1048,1347,1291,1649
IMG_0018.JPEG,1536,2048,box,1386,1347,1536,1766
IMG_0018.JPEG,1536,2048,box,1218,6,1536,542
IMG_0018.JPEG,1536,2048,box,263,1461,548,1810
IMG_0019.JPEG,1536,2048,box,91,917,510,1374
IMG_0019.JPEG,1536,2048,box,505,842,874,1347
IMG_0019.JPEG,1536,2048,box,895,761,1233,1334
IMG_0019.JPEG,1536,2048,box,1267,725,1536,1336
IMG_0019.JPEG,1536,2048,box,531,1449,869,1900
IMG_0019.JPEG,1536,2048,box,895,1508,1195,1887
IMG_0019.JPEG,1536,2048,box,244,1444,554,1766
IMG_0019.JPEG,1536,2048,box,1,1532,176,1959
IMG_0019.JPEG,1536,2048,box,8,2,484,498
IMG_0019.JPEG,1536,2048,box,495,6,914,500
IMG_0019.JPEG,1536,2048,box,944,8,1329,500
IMG_0020.JPEG,1536,2048,box,295,93,610,604
IMG_0020.JPEG,1536,2048,box,614,113,886,604
IMG_0020.JPEG,1536,2048,box,905,187,1144,604
IMG_0020.JPEG,1536,2048,box,1174,200,1391,619
IMG_0020.JPEG,1536,2048,box,31,857,344,1215
IMG_0020.JPEG,1536,2048,box,335,891,616,1206
IMG_0020.JPEG,1536,2048,box,622,832,863,1176
IMG_0020.JPEG,1536,2048,box,863,774,1105,1181
IMG_0020.JPEG,1536,2048,box,1127,755,1329,1161
IMG_0020.JPEG,1536,2048,box,1357,744,1536,1144
IMG_0020.JPEG,1536,2048,box,380,1270,616,1549
IMG_0020.JPEG,1536,2048,box,152,1372,395,1642
IMG_0020.JPEG,1536,2048,box,633,1706,842,1966
IMG_0020.JPEG,1536,2048,box,857,1651,1050,1889
IMG_0020.JPEG,1536,2048,box,1048,1627,1233,1870
IMG_0020.JPEG,1536,2048,box,1269,1608,1448,1866
IMG_0020.JPEG,1536,2048,box,633,1272,863,1604
IMG_0020.JPEG,1536,2048,box,878,1310,1078,1591
IMG_0020.JPEG,1536,2048,box,1291,1213,1452,1540
IMG_0021.JPEG,1536,2048,box,48,204,393,691
IMG_0021.JPEG,1536,2048,box,386,253,661,698
IMG_0021.JPEG,1536,2048,box,657,242,888,691
IMG_0021.JPEG,1536,2048,box,893,261,1099,681
IMG_0021.JPEG,1536,2048,box,88,891,410,1315
IMG_0021.JPEG,1536,2048,box,397,851,650,1272
IMG_0021.JPEG,1536,2048,box,652,836,874,1234
IMG_0021.JPEG,1536,2048,box,880,817,1071,1202
IMG_0021.JPEG,1536,2048,box,152,1487,422,1791
IMG_0021.JPEG,1536,2048,box,644,1313,842,1653
IMG_0021.JPEG,1536,2048,box,829,1278,1033,1585
IMG_0021.JPEG,1536,2048,box,869,1678,1061,1972
IMG_0021.JPEG,1536,2048,box,659,1727,861,2027
IMG_0021.JPEG,1536,2048,box,427,1810,650,2048
IMG_0022.JPEG,1536,2048,box,1310,98,1536,610
IMG_0022.JPEG,1536,2048,box,993,147,1261,591
IMG_0022.JPEG,1536,2048,box,718,172,942,610
IMG_0022.JPEG,1536,2048,box,459,261,680,591
IMG_0022.JPEG,1536,2048,box,276,289,457,604
IMG_0022.JPEG,1536,2048,box,93,323,274,604
IMG_0022.JPEG,1536,2048,box,59,747,235,1061
IMG_0022.JPEG,1536,2048,box,229,698,435,1106
IMG_0022.JPEG,1536,2048,box,439,700,644,1136
IMG_0022.JPEG,1536,2048,box,659,706,886,1191
IMG_0022.JPEG,1536,2048,box,925,738,1174,1238
IMG_0022.JPEG,1536,2048,box,1220,815,1512,1319
IMG_0022.JPEG,1536,2048,box,135,1164,282,1470
IMG_0022.JPEG,1536,2048,box,257,1147,459,1530
IMG_0022.JPEG,1536,2048,box,471,1221,659,1606
IMG_0022.JPEG,1536,2048,box,659,1261,882,1700
IMG_0022.JPEG,1536,2048,box,897,1276,1133,1772
IMG_0022.JPEG,1536,2048,box,1186,1355,1488,1889
IMG_0022.JPEG,1536,2048,box,171,1489,320,1832
IMG_0022.JPEG,1536,2048,box,3,1442,150,1766
IMG_0022.JPEG,1536,2048,box,471,1602,627,1974
IMG_0022.JPEG,1536,2048,box,620,1681,791,2048
IMG_0022.JPEG,1536,2048,box,803,1749,1018,2048
IMG_0023.JPEG,1536,2048,box,1237,196,1420,568
IMG_0023.JPEG,1536,2048,box,1031,289,1184,576
IMG_0023.JPEG,1536,2048,box,893,327,1020,589
IMG_0023.JPEG,1536,2048,box,759,372,880,600
IMG_0023.JPEG,1536,2048,box,661,391,759,598
IMG_0023.JPEG,1536,2048,box,1163,681,1335,1134
IMG_0023.JPEG,1536,2048,box,988,685,1152,1078
IMG_0023.JPEG,1536,2048,box,829,676,974,1025
IMG_0023.JPEG,1536,2048,box,1346,710,1536,1174
IMG_0023.JPEG,1536,2048,box,1333,1225,1536,1708
IMG_0023.JPEG,1536,2048,box,1129,1181,1333,1627
IMG_0023.JPEG,1536,2048,box,982,1115,1125,1510
IMG_0023.JPEG,1536,2048,box,829,1053,978,1410
IMG_0023.JPEG,1536,2048,box,1229,1657,1431,2048
IMG_0023.JPEG,1536,2048,box,657,1287,737,1572
IMG_0023.JPEG,1536,2048,box,739,1330,837,1619
IMG_0023.JPEG,1536,2048,box,1069,1572,1222,2008
IMG_0023.JPEG,1536,2048,box,971,1481,1101,1847
IMG_0024.JPEG,1536,2048,box,846,57,1150,557
IMG_0024.JPEG,1536,2048,box,1197,10,1525,544
IMG_0024.JPEG,1536,2048,box,512,72,814,564
IMG_0024.JPEG,1536,2048,box,218,83,503,534
IMG_0024.JPEG,1536,2048,box,1,651,178,1093
IMG_0024.JPEG,1536,2048,box,199,661,476,1125
IMG_0024.JPEG,1536,2048,box,786,664,1050,1172
IMG_0024.JPEG,1536,2048,box,497,721,763,1142
IMG_0024.JPEG,1536,2048,box,1,1213,235,1581
IMG_0024.JPEG,1536,2048,box,248,1204,516,1619
IMG_0024.JPEG,1536,2048,box,525,1223,776,1655
IMG_0024.JPEG,1536,2048,box,1076,1287,1327,1736
IMG_0024.JPEG,1536,2048,box,1350,1332,1536,1764
IMG_0024.JPEG,1536,2048,box,188,1668,425,2040
IMG_0024.JPEG,1536,2048,box,412,1698,661,2048
IMG_0024.JPEG,1536,2048,box,788,1749,1103,2048
IMG_0024.JPEG,1536,2048,box,3,1640,210,2010
IMG_0024.JPEG,1536,2048,box,1246,1810,1499,2048
IMG_0025.JPEG,1536,2048,box,886,78,1131,576
IMG_0025.JPEG,1536,2048,box,727,147,895,581
IMG_0025.JPEG,1536,2048,box,614,198,729,581
IMG_0025.JPEG,1536,2048,box,508,259,601,593
IMG_0025.JPEG,1536,2048,box,1001,702,1254,1306
IMG_0025.JPEG,1536,2048,box,803,693,1010,1121
IMG_0025.JPEG,1536,2048,box,680,672,829,1098
IMG_0025.JPEG,1536,2048,box,571,655,691,1059
IMG_0025.JPEG,1536,2048,box,552,1121,669,1425
IMG_0025.JPEG,1536,2048,box,422,270,522,596
IMG_0025.JPEG,1536,2048,box,342,330,427,602
IMG_0025.JPEG,1536,2048,box,286,319,354,591
IMG_0025.JPEG,1536,2048,box,222,364,297,600
IMG_0025.JPEG,1536,2048,box,184,370,231,600
IMG_0025.JPEG,1536,2048,box,139,389,193,598
IMG_0025.JPEG,1536,2048,box,457,708,554,1006
IMG_0025.JPEG,1536,2048,box,395,676,471,966
IMG_0025.JPEG,1536,2048,box,325,678,395,947
IMG_0025.JPEG,1536,2048,box,212,642,276,870
IMG_0025.JPEG,1536,2048,box,157,636,212,859
IMG_0025.JPEG,1536,2048,box,320,978,403,1255
IMG_0025.JPEG,1536,2048,box,399,1004,476,1310
IMG_0025.JPEG,1536,2048,box,465,1038,546,1398
IMG_0025.JPEG,1536,2048,box,661,1538,788,1951
IMG_0025.JPEG,1536,2048,box,550,1461,642,1819
IMG_0025.JPEG,1536,2048,box,467,1402,544,1730
IMG_0025.JPEG,1536,2048,box,405,1340,465,1623
IMG_0025.JPEG,1536,2048,box,348,1278,416,1551
IMG_0025.JPEG,1536,2048,box,269,938,333,1234
IMG_0025.JPEG,1536,2048,box,142,889,197,1091
IMG_0025.JPEG,1536,2048,box,231,927,278,1166
IMG_0025.JPEG,1536,2048,box,1233,1478,1484,2044
IMG_0025.JPEG,1536,2048,box,914,1766,1097,2048
IMG_0028.JPEG,1536,2048,box,431,696,727,1098
IMG_0028.JPEG,1536,2048,box,722,596,1020,1102
IMG_0028.JPEG,1536,2048,box,1037,591,1318,1115
IMG_0028.JPEG,1536,2048,box,1354,585,1536,1130
IMG_0028.JPEG,1536,2048,box,1218,8,1527,487
IMG_0028.JPEG,1536,2048,box,863,1,1180,483
IMG_0028.JPEG,1536,2048,box,510,4,846,478
IMG_0028.JPEG,1536,2048,box,174,6,503,483
IMG_0028.JPEG,1536,2048,box,1,4,148,487
IMG_0028.JPEG,1536,2048,box,139,649,431,1096
IMG_0028.JPEG,1536,2048,box,1,676,116,1087
IMG_0028.JPEG,1536,2048,box,520,1202,769,1598
IMG_0028.JPEG,1536,2048,box,244,1217,510,1598
IMG_0028.JPEG,1536,2048,box,1,1208,218,1615
IMG_0028.JPEG,1536,2048,box,993,1666,1212,2013
IMG_0028.JPEG,1536,2048,box,801,1193,1033,1593
IMG_0028.JPEG,1536,2048,box,727,1672,967,2019
IMG_0028.JPEG,1536,2048,box,463,1689,714,2010
IMG_0028.JPEG,1536,2048,box,218,1687,454,2000
IMG_0028.JPEG,1536,2048,box,1,1666,199,1981
IMG_0029.JPEG,1536,2048,box,80,2,471,461
IMG_0029.JPEG,1536,2048,box,491,2,899,461
IMG_0029.JPEG,1536,2048,box,950,8,1335,476
IMG_0029.JPEG,1536,2048,box,1,653,331,1204
IMG_0029.JPEG,1536,2048,box,784,727,1144,1264
IMG_0029.JPEG,1536,2048,box,1176,700,1536,1308
IMG_0029.JPEG,1536,2048,box,52,1351,361,1793
IMG_0029.JPEG,1536,2048,box,344,1357,744,1836
IMG_0029.JPEG,1536,2048,box,746,1385,1116,1872
IMG_0029.JPEG,1536,2048,box,1188,1427,1499,1904
IMG_0030.JPEG,1536,2048,box,697,55,959,508
IMG_0030.JPEG,1536,2048,box,959,6,1261,489
IMG_0030.JPEG,1536,2048,box,1301,4,1536,493
IMG_0030.JPEG,1536,2048,box,1052,666,1401,1217
IMG_0030.JPEG,1536,2048,box,729,661,1010,1132
IMG_0030.JPEG,1536,2048,box,529,698,727,1089
IMG_0030.JPEG,1536,2048,box,159,647,371,955
IMG_0030.JPEG,1536,2048,box,1080,1336,1318,1804
IMG_0030.JPEG,1536,2048,box,1329,1372,1536,1898
IMG_0030.JPEG,1536,2048,box,576,1187,776,1547
IMG_0030.JPEG,1536,2048,box,405,1070,571,1461
IMG_0030.JPEG,1536,2048,box,239,1061,403,1385
IMG_0030.JPEG,1536,2048,box,97,1013,244,1319
IMG_0030.JPEG,1536,2048,box,839,1681,1059,2048
IMG_0030.JPEG,1536,2048,box,650,1651,820,1953
IMG_0030.JPEG,1536,2048,box,480,1544,625,1851
IMG_0030.JPEG,1536,2048,box,325,1466,488,1785
IMG_0030.JPEG,1536,2048,box,212,1436,333,1672
IMG_0030.JPEG,1536,2048,box,120,1351,237,1610
IMG_0030.JPEG,1536,2048,box,37,1321,135,1559
IMG_0030.JPEG,1536,2048,box,299,174,508,544
IMG_0030.JPEG,1536,2048,box,171,191,350,544
IMG_0030.JPEG,1536,2048,box,48,225,201,544
IMG_0030.JPEG,1536,2048,box,1,644,86,930
IMG_0031.JPEG,1536,2048,box,1076,776,1367,1298
IMG_0031.JPEG,1536,2048,box,884,825,1050,1200
IMG_0031.JPEG,1536,2048,box,1401,798,1536,1353
IMG_0031.JPEG,1536,2048,box,1363,155,1536,655
IMG_0031.JPEG,1536,2048,box,1076,219,1331,674
IMG_0031.JPEG,1536,2048,box,708,332,876,664
IMG_0031.JPEG,1536,2048,box,582,349,718,672
IMG_0031.JPEG,1536,2048,box,457,376,565,672
IMG_0031.JPEG,1536,2048,box,357,406,461,668
IMG_0031.JPEG,1536,2048,box,286,461,365,659
IMG_0031.JPEG,1536,2048,box,205,478,282,672
IMG_0031.JPEG,1536,2048,box,235,736,318,989
IMG_0031.JPEG,1536,2048,box,318,753,433,1025
IMG_0031.JPEG,1536,2048,box,516,744,676,1072
IMG_0031.JPEG,1536,2048,box,237,1036,344,1278
IMG_0031.JPEG,1536,2048,box,425,1083,544,1393
IMG_0031.JPEG,1536,2048,box,548,1142,686,1498
IMG_0031.JPEG,1536,2048,box,686,1161,869,1591
IMG_0031.JPEG,1536,2048,box,878,1302,1059,1696
IMG_0031.JPEG,1536,2048,box,1395,1483,1536,1953
IMG_0031.JPEG,1536,2048,box,759,1664,897,1974
IMG_0031.JPEG,1536,2048,box,912,1774,1091,2048
IMG_0031.JPEG,1536,2048,box,608,1542,761,1887
IMG_0031.JPEG,1536,2048,box,488,1487,618,1808
IMG_0031.JPEG,1536,2048,box,414,1438,516,1700
IMG_0031.JPEG,1536,2048,box,337,1383,433,1615
IMG_0031.JPEG,1536,2048,box,263,1317,348,1544
IMG_0031.JPEG,1536,2048,box,278,25,380,287
IMG_0031.JPEG,1536,2048,box,184,81,278,313
IMG_0032.JPEG,1536,2048,box,1,176,263,542
IMG_0032.JPEG,1536,2048,box,269,142,535,572
IMG_0032.JPEG,1536,2048,box,544,170,805,568
IMG_0032.JPEG,1536,2048,box,797,127,1063,530
IMG_0032.JPEG,1536,2048,box,1082,178,1325,555
IMG_0032.JPEG,1536,2048,box,1348,178,1536,555
IMG_0032.JPEG,1536,2048,box,1,702,201,1070
IMG_0032.JPEG,1536,2048,box,495,725,722,1061
IMG_0032.JPEG,1536,2048,box,731,687,965,1053
IMG_0032.JPEG,1536,2048,box,978,730,1208,1044
IMG_0032.JPEG,1536,2048,box,1225,647,1431,1038
IMG_0032.JPEG,1536,2048,box,1254,1121,1439,1455
IMG_0032.JPEG,1536,2048,box,1008,1127,1233,1470
IMG_0032.JPEG,1536,2048,box,788,1151,1001,1476
IMG_0032.JPEG,1536,2048,box,512,1166,776,1481
IMG_0032.JPEG,1536,2048,box,212,1164,493,1481
IMG_0032.JPEG,1536,2048,box,8,1200,222,1491
IMG_0032.JPEG,1536,2048,box,93,1604,305,1855
IMG_0032.JPEG,1536,2048,box,329,1547,510,1870
IMG_0032.JPEG,1536,2048,box,516,1551,725,1836
IMG_0032.JPEG,1536,2048,box,720,1553,931,1844
IMG_0032.JPEG,1536,2048,box,935,1566,1144,1851
IMG_0032.JPEG,1536,2048,box,1159,1540,1359,1832
IMG_0032.JPEG,1536,2048,box,1376,1523,1536,1823
IMG_0032.JPEG,1536,2048,box,1,1555,69,1891
IMG_0033.JPEG,1536,2048,box,1,759,301,1227
IMG_0033.JPEG,1536,2048,box,44,1723,297,2048
IMG_0033.JPEG,1536,2048,box,295,1683,503,2015
IMG_0033.JPEG,1536,2048,box,1195,708,1269,947
IMG_0033.JPEG,1536,2048,box,1267,710,1339,917
IMG_0033.JPEG,1536,2048,box,1337,700,1388,906
IMG_0033.JPEG,1536,2048,box,1380,708,1439,893
IMG_0033.JPEG,1536,2048,box,1425,727,1480,887
IMG_0033.JPEG,1536,2048,box,1480,710,1535,878
IMG_0033.JPEG,1536,2048,box,1182,993,1254,1202
IMG_0033.JPEG,1536,2048,box,1261,989,1316,1159
IMG_0033.JPEG,1536,2048,box,1327,959,1382,1130
IMG_0033.JPEG,1536,2048,box,1374,944,1422,1113
IMG_0033.JPEG,1536,2048,box,1412,917,1484,1098
IMG_0033.JPEG,1536,2048,box,995,1338,1076,1581
IMG_0033.JPEG,1536,2048,box,1059,1300,1167,1519
IMG_0033.JPEG,1536,2048,box,1169,1247,1265,1444
IMG_0033.JPEG,1536,2048,box,1257,1196,1325,1402
IMG_0033.JPEG,1536,2048,box,1310,1157,1382,1357
IMG_0033.JPEG,1536,2048,box,1374,1142,1431,1342
IMG_0034.JPEG,1536,2048,box,484,710,680,1025
IMG_0034.JPEG,1536,2048,box,669,738,882,1061
IMG_0034.JPEG,1536,2048,box,891,719,1120,1087
IMG_0034.JPEG,1536,2048,box,1146,742,1410,1138
IMG_0034.JPEG,1536,2048,box,1237,1270,1429,1598
IMG_0034.JPEG,1536,2048,box,1437,770,1536,1166
IMG_0034.JPEG,1536,2048,box,550,1506,691,1742
IMG_0034.JPEG,1536,2048,box,684,1566,871,1798
IMG_0034.JPEG,1536,2048,box,874,1585,1088,1889
IMG_0034.JPEG,1536,2048,box,1097,1666,1327,1985
IMG_0034.JPEG,1536,2048,box,1342,1730,1536,2048
IMG_0035.JPEG,1536,2048,box,239,4,595,598
IMG_0035.JPEG,1536,2048,box,1,1,248,600
IMG_0035.JPEG,1536,2048,box,593,27,880,627
IMG_0035.JPEG,1536,2048,box,876,151,1059,642
IMG_0035.JPEG,1536,2048,box,1071,204,1237,625
IMG_0035.JPEG,1536,2048,box,1235,255,1350,642
IMG_0035.JPEG,1536,2048,box,1363,300,1450,640
IMG_0035.JPEG,1536,2048,box,1450,349,1535,621
IMG_0035.JPEG,1536,2048,box,82,798,516,1344
IMG_0035.JPEG,1536,2048,box,501,755,805,1255
IMG_0035.JPEG,1536,2048,box,803,744,1014,1164
IMG_0035.JPEG,1536,2048,box,1010,727,1186,1085
IMG_0035.JPEG,1536,2048,box,1171,710,1325,1051
IMG_0035.JPEG,1536,2048,box,1386,674,1501,957
IMG_0035.JPEG,1536,2048,box,1,1515,314,2048
IMG_0035.JPEG,1536,2048,box,318,1378,629,1940
IMG_0035.JPEG,1536,2048,box,614,1315,884,1708
IMG_0035.JPEG,1536,2048,box,837,1230,1035,1591
IMG_0035.JPEG,1536,2048,box,1031,1157,1171,1472
IMG_0035.JPEG,1536,2048,box,1167,1108,1286,1368
IMG_0035.JPEG,1536,2048,box,1288,1061,1382,1332
IMG_0035.JPEG,1536,2048,box,1395,998,1495,1272
IMG_0035.JPEG,1536,2048,box,654,1725,857,2048
IMG_0035.JPEG,1536,2048,box,997,1606,1139,1913
IMG_0035.JPEG,1536,2048,box,1110,1498,1235,1789
IMG_0035.JPEG,1536,2048,box,1216,1421,1331,1678
IMG_0035.JPEG,1536,2048,box,1322,1357,1422,1606
IMG_0036.JPEG,1536,2048,box,210,2,578,536
IMG_0036.JPEG,1536,2048,box,567,32,837,549
IMG_0036.JPEG,1536,2048,box,827,96,1046,542
IMG_0036.JPEG,1536,2048,box,1065,147,1203,572
IMG_0036.JPEG,1536,2048,box,1216,191,1342,559
IMG_0036.JPEG,1536,2048,box,1337,244,1431,574
IMG_0036.JPEG,1536,2048,box,1,17,176,527
IMG_0036.JPEG,1536,2048,box,165,674,525,1161
IMG_0036.JPEG,1536,2048,box,531,672,774,1066
IMG_0036.JPEG,1536,2048,box,788,670,980,1034
IMG_0036.JPEG,1536,2048,box,991,632,1159,978
IMG_0036.JPEG,1536,2048,box,1259,606,1397,910
IMG_0036.JPEG,1536,2048,box,3,1289,316,1785
IMG_0036.JPEG,1536,2048,box,320,1208,618,1672
IMG_0036.JPEG,1536,2048,box,588,1144,816,1527
IMG_0036.JPEG,1536,2048,box,780,1078,988,1404
IMG_0036.JPEG,1536,2048,box,965,1038,1131,1330
IMG_0036.JPEG,1536,2048,box,1127,972,1250,1285
IMG_0036.JPEG,1536,2048,box,1263,949,1376,1230
IMG_0036.JPEG,1536,2048,box,786,1540,944,1827
IMG_0036.JPEG,1536,2048,box,933,1457,1061,1706
IMG_0036.JPEG,1536,2048,box,1059,1374,1180,1640
IMG_0036.JPEG,1536,2048,box,1182,1304,1308,1561
IMG_0036.JPEG,1536,2048,box,386,1617,614,2048
IMG_0036.JPEG,1536,2048,box,18,1751,363,2048
IMG_0081.JPEG,1536,2048,box,261,1421,499,1808
IMG_0081.JPEG,1536,2048,box,491,1366,710,1683
IMG_0081.JPEG,1536,2048,box,695,1285,867,1585
IMG_0081.JPEG,1536,2048,box,884,1259,1042,1551
IMG_0081.JPEG,1536,2048,box,1022,1189,1144,1478
IMG_0081.JPEG,1536,2048,box,1146,1125,1248,1402
IMG_0081.JPEG,1536,2048,box,1220,1078,1348,1359
IMG_0081.JPEG,1536,2048,box,1384,1055,1486,1276
IMG_0081.JPEG,1536,2048,box,120,219,474,781
IMG_0081.JPEG,1536,2048,box,444,272,693,761
IMG_0081.JPEG,1536,2048,box,665,336,869,759
IMG_0081.JPEG,1536,2048,box,867,374,1033,749
IMG_0081.JPEG,1536,2048,box,1046,385,1165,742
IMG_0081.JPEG,1536,2048,box,903,1,1048,281
IMG_0081.JPEG,1536,2048,box,725,8,886,227
IMG_0081.JPEG,1536,2048,box,484,4,699,172
IMG_0081.JPEG,1536,2048,box,839,796,1003,1157
IMG_0081.JPEG,1536,2048,box,833,1670,988,2004
IMG_0081.JPEG,1536,2048,box,1044,1542,1171,1804
IMG_0081.JPEG,1536,2048,box,1163,1455,1259,1706
IMG_0081.JPEG,1536,2048,box,1365,110,1465,415
IMG_0081.JPEG,1536,2048,box,648,1755,829,2048
IMG_0082.JPEG,1536,2048,box,363,1,708,561
IMG_0082.JPEG,1536,2048,box,710,2,1014,572
IMG_0082.JPEG,1536,2048,box,1033,57,1316,581
IMG_0082.JPEG,1536,2048,box,1369,55,1536,598
IMG_0082.JPEG,1536,2048,box,1252,640,1499,1119
IMG_0082.JPEG,1536,2048,box,522,1249,746,1585
IMG_0082.JPEG,1536,2048,box,763,1238,1008,1583
IMG_0082.JPEG,1536,2048,box,1022,1242,1248,1549
IMG_0082.JPEG,1536,2048,box,1299,1266,1501,1591
IMG_0082.JPEG,1536,2048,box,618,1738,852,2048
IMG_0082.JPEG,1536,2048,box,876,1727,1071,2048
IMG_0082.JPEG,1536,2048,box,1101,1738,1305,2015
IMG_0082.JPEG,1536,2048,box,1301,1651,1482,1919
IMG_0083.JPEG,1536,2048,box,5,1,378,530
IMG_0083.JPEG,1536,2048,box,325,1,701,540
IMG_0083.JPEG,1536,2048,box,682,8,1027,532
IMG_0083.JPEG,1536,2048,box,1025,19,1429,532
IMG_0083.JPEG,1536,2048,box,669,619,967,1110
IMG_0083.JPEG,1536,2048,box,988,598,1267,1096
IMG_0083.JPEG,1536,2048,box,37,1236,308,1540
IMG_0083.JPEG,1536,2048,box,314,1217,559,1572
IMG_0083.JPEG,1536,2048,box,559,1225,814,1557
IMG_0083.JPEG,1536,2048,box,814,1238,1067,1591
IMG_0083.JPEG,1536,2048,box,1065,1242,1318,1589
IMG_0083.JPEG,1536,2048,box,1346,1242,1536,1581
IMG_0083.JPEG,1536,2048,box,139,1708,425,2025
IMG_0083.JPEG,1536,2048,box,410,1698,665,2025
IMG_0083.JPEG,1536,2048,box,661,1700,888,2019
IMG_0083.JPEG,1536,2048,box,888,1651,1120,1915
IMG_0083.JPEG,1536,2048,box,1157,1751,1361,1996
IMG_0083.JPEG,1536,2048,box,1363,1725,1536,2000
IMG_0084.JPEG,1536,2048,box,1,38,391,634
IMG_0084.JPEG,1536,2048,box,376,119,693,653
IMG_0084.JPEG,1536,2048,box,684,183,893,647
IMG_0084.JPEG,1536,2048,box,912,210,1054,647
IMG_0084.JPEG,1536,2048,box,1063,285,1146,653
IMG_0084.JPEG,1536,2048,box,1137,347,1246,640
IMG_0084.JPEG,1536,2048,box,29,723,393,1236
IMG_0084.JPEG,1536,2048,box,674,796,876,1140
IMG_0084.JPEG,1536,2048,box,891,776,1048,1096
IMG_0084.JPEG,1536,2048,box,1054,700,1197,1061
IMG_0084.JPEG,1536,2048,box,1331,721,1431,1006
IMG_0084.JPEG,1536,2048,box,1433,725,1529,993
IMG_0084.JPEG,1536,2048,box,1244,734,1314,1034
IMG_0084.JPEG,1536,2048,box,793,1715,929,1966
IMG_0084.JPEG,1536,2048,box,944,1636,1065,1874
IMG_0084.JPEG,1536,2048,box,1095,1574,1197,1774
IMG_0084.JPEG,1536,2048,box,616,1734,788,2048
IMG_0084.JPEG,1536,2048,box,1405,13,1527,234
IMG_0084.JPEG,1536,2048,box,1286,4,1388,204
IMG_0084.JPEG,1536,2048,box,1316,1119,1397,1347
IMG_0084.JPEG,1536,2048,box,1176,1159,1308,1421
IMG_0084.JPEG,1536,2048,box,1067,1183,1169,1478
IMG_0084.JPEG,1536,2048,box,933,1202,1061,1530
IMG_0084.JPEG,1536,2048,box,1214,1498,1299,1702
IMG_0084.JPEG,1536,2048,box,1312,1436,1384,1659
IMG_0084.JPEG,1536,2048,box,1399,1374,1478,1596
IMG_0085.JPEG,1536,2048,box,303,2,742,449
IMG_0085.JPEG,1536,2048,box,754,6,1146,472
IMG_0085.JPEG,1536,2048,box,1199,2,1508,506
IMG_0085.JPEG,1536,2048,box,1180,736,1435,1130
IMG_0085.JPEG,1536,2048,box,831,689,1103,1100
IMG_0085.JPEG,1536,2048,box,54,1176,350,1470
IMG_0085.JPEG,1536,2048,box,331,1213,608,1508
IMG_0085.JPEG,1536,2048,box,601,1238,859,1530
IMG_0085.JPEG,1536,2048,box,865,1249,1112,1534
IMG_0085.JPEG,1536,2048,box,1129,1278,1388,1564
IMG_0086.JPEG,1536,2048,box,252,21,627,574
IMG_0086.JPEG,1536,2048,box,1,15,231,570
IMG_0086.JPEG,1536,2048,box,667,1,1001,598
IMG_0086.JPEG,1536,2048,box,1018,38,1286,604
IMG_0086.JPEG,1536,2048,box,1316,121,1536,632
IMG_0086.JPEG,1536,2048,box,316,751,644,1247
IMG_0086.JPEG,1536,2048,box,652,766,969,1249
IMG_0086.JPEG,1536,2048,box,997,664,1301,1255
IMG_0086.JPEG,1536,2048,box,1337,685,1536,1274
IMG_0086.JPEG,1536,2048,box,750,1423,1025,1798
IMG_0086.JPEG,1536,2048,box,1020,1455,1310,1802
IMG_0086.JPEG,1536,2048,box,1308,1440,1536,1793
IMG_0086.JPEG,1536,2048,box,259,1944,510,2048
IMG_0087.JPEG,1536,2048,box,422,236,671,638
IMG_0087.JPEG,1536,2048,box,684,200,959,630
IMG_0087.JPEG,1536,2048,box,980,161,1288,608
IMG_0087.JPEG,1536,2048,box,1312,140,1536,587
IMG_0087.JPEG,1536,2048,box,150,719,376,1213
IMG_0087.JPEG,1536,2048,box,65,353,278,670
IMG_0087.JPEG,1536,2048,box,391,796,627,1200
IMG_0087.JPEG,1536,2048,box,648,785,931,1240
IMG_0087.JPEG,1536,2048,box,950,791,1261,1259
IMG_0087.JPEG,1536,2048,box,1293,744,1536,1272
IMG_0087.JPEG,1536,2048,box,1295,1442,1536,1991
IMG_0087.JPEG,1536,2048,box,967,1415,1276,1955
IMG_0087.JPEG,1536,2048,box,318,1289,614,1755
IMG_0087.JPEG,1536,2048,box,82,1247,299,1740
IMG_0087.JPEG,1536,2048,box,252,1819,476,2048
IMG_0087.JPEG,1536,2048,box,1,1870,186,2048
IMG_0088.JPEG,1536,2048,box,586,1210,782,1468
IMG_0088.JPEG,1536,2048,box,837,1149,1039,1625
IMG_0088.JPEG,1536,2048,box,825,1678,1012,2048
IMG_0088.JPEG,1536,2048,box,627,1606,818,1974
IMG_0088.JPEG,1536,2048,box,461,1538,635,1830
IMG_0088.JPEG,1536,2048,box,233,1449,352,1659
IMG_0088.JPEG,1536,2048,box,729,21,971,555
IMG_0088.JPEG,1536,2048,box,1001,53,1267,585
IMG_0088.JPEG,1536,2048,box,1301,10,1536,598
IMG_0088.JPEG,1536,2048,box,657,581,893,1091
IMG_0088.JPEG,1536,2048,box,914,600,1197,1164
IMG_0088.JPEG,1536,2048,box,14,493,180,827
IMG_0088.JPEG,1536,2048,box,39,183,191,513
IMG_0088.JPEG,1536,2048,box,1,955,122,1168
IMG_0088.JPEG,1536,2048,box,120,996,218,1240
IMG_0088.JPEG,1536,2048,box,201,1027,303,1268
IMG_0088.JPEG,1536,2048,box,288,1066,435,1381
IMG_0088.JPEG,1536,2048,box,446,1115,588,1455
IMG_0088.JPEG,1536,2048,box,99,1306,227,1589
IMG_0088.JPEG,1536,2048,box,1,1266,129,1534
IMG_0089.JPEG,1536,2048,box,618,4,818,438
IMG_0089.JPEG,1536,2048,box,814,27,991,442
IMG_0089.JPEG,1536,2048,box,1010,76,1137,472
IMG_0089.JPEG,1536,2048,box,1308,87,1405,491
IMG_0089.JPEG,1536,2048,box,157,476,522,1072
IMG_0089.JPEG,1536,2048,box,491,478,757,1002
IMG_0089.JPEG,1536,2048,box,797,532,1050,955
IMG_0089.JPEG,1536,2048,box,1035,544,1201,921
IMG_0089.JPEG,1536,2048,box,1205,555,1331,900
IMG_0089.JPEG,1536,2048,box,276,1247,574,1591
IMG_0089.JPEG,1536,2048,box,8,1300,265,1761
IMG_0089.JPEG,1536,2048,box,525,1151,693,1440
IMG_0089.JPEG,1536,2048,box,703,1119,859,1387
IMG_0089.JPEG,1536,2048,box,897,1096,1057,1347
IMG_0089.JPEG,1536,2048,box,1163,1017,1252,1278
IMG_0089.JPEG,1536,2048,box,1248,1006,1342,1206
IMG_0089.JPEG,1536,2048,box,159,1757,388,2048
IMG_0089.JPEG,1536,2048,box,414,1702,620,2017
IMG_0089.JPEG,1536,2048,box,627,1613,805,1889
IMG_0089.JPEG,1536,2048,box,810,1489,961,1768
IMG_0089.JPEG,1536,2048,box,948,1419,1061,1676
IMG_0089.JPEG,1536,2048,box,1063,1374,1176,1615
IMG_0089.JPEG,1536,2048,box,1218,1291,1305,1536
IMG_0089.JPEG,1536,2048,box,1291,1230,1401,1483
IMG_0089.JPEG,1536,2048,box,1,2,263,398
IMG_0089.JPEG,1536,2048,box,1,487,139,1121
IMG_0090.JPEG,1536,2048,box,491,402,784,851
IMG_0090.JPEG,1536,2048,box,788,415,1078,861
IMG_0090.JPEG,1536,2048,box,1057,415,1322,844
IMG_0090.JPEG,1536,2048,box,1374,421,1536,838
IMG_0090.JPEG,1536,2048,box,1014,896,1263,1215
IMG_0090.JPEG,1536,2048,box,212,957,527,1376
IMG_0090.JPEG,1536,2048,box,3,951,191,1402
IMG_0090.JPEG,1536,2048,box,169,2,454,270
IMG_0090.JPEG,1536,2048,box,488,4,776,278
IMG_0090.JPEG,1536,2048,box,793,10,1080,276
IMG_0090.JPEG,1536,2048,box,1080,6,1363,291
IMG_0090.JPEG,1536,2048,box,1012,1493,1239,1787
IMG_0090.JPEG,1536,2048,box,1248,1466,1469,1778
IMG_0090.JPEG,1536,2048,box,763,1472,1005,1785
IMG_0090.JPEG,1536,2048,box,486,1534,795,1866
IMG_0090.JPEG,1536,2048,box,310,1551,586,1885
IMG_0090.JPEG,1536,2048,box,80,1538,363,1827
IMG_0091.JPEG,1536,2048,box,93,55,414,547
IMG_0091.JPEG,1536,2048,box,405,115,669,568
IMG_0091.JPEG,1536,2048,box,671,161,922,574
IMG_0091.JPEG,1536,2048,box,916,206,1118,598
IMG_0091.JPEG,1536,2048,box,1116,234,1312,625
IMG_0091.JPEG,1536,2048,box,1301,283,1476,638
IMG_0091.JPEG,1536,2048,box,125,653,425,1113
IMG_0091.JPEG,1536,2048,box,422,659,688,1072
IMG_0091.JPEG,1536,2048,box,699,676,929,1066
IMG_0091.JPEG,1536,2048,box,918,725,1044,1061
IMG_0091.JPEG,1536,2048,box,1093,715,1320,1040
IMG_0091.JPEG,1536,2048,box,1320,715,1469,1030
IMG_0091.JPEG,1536,2048,box,431,1132,669,1438
IMG_0091.JPEG,1536,2048,box,1310,1087,1535,1427
IMG_0091.JPEG,1536,2048,box,150,1778,405,2048
IMG_0091.JPEG,1536,2048,box,416,1742,669,2048
IMG_0091.JPEG,1536,2048,box,676,1687,876,2008
IMG_0091.JPEG,1536,2048,box,901,1653,1110,1974
IMG_0091.JPEG,1536,2048,box,1103,1608,1286,1915
IMG_0091.JPEG,1536,2048,box,1286,1576,1452,1849
IMG_0091.JPEG,1536,2048,box,1425,1538,1536,1825
IMG_0092.JPEG,1536,2048,box,354,144,608,553
IMG_0092.JPEG,1536,2048,box,695,155,931,561
IMG_0092.JPEG,1536,2048,box,944,140,1167,557
IMG_0092.JPEG,1536,2048,box,1199,30,1486,564
IMG_0092.JPEG,1536,2048,box,174,217,365,561
IMG_0092.JPEG,1536,2048,box,3,232,191,555
IMG_0092.JPEG,1536,2048,box,35,608,246,1008
IMG_0092.JPEG,1536,2048,box,235,615,439,1032
IMG_0092.JPEG,1536,2048,box,497,640,774,1068
IMG_0092.JPEG,1536,2048,box,786,657,1091,1106
IMG_0092.JPEG,1536,2048,box,1122,657,1427,1147
IMG_0092.JPEG,1536,2048,box,14,1127,159,1389
IMG_0092.JPEG,1536,2048,box,154,1102,335,1408
IMG_0092.JPEG,1536,2048,box,359,1136,535,1442
IMG_0092.JPEG,1536,2048,box,546,1181,693,1457
IMG_0092.JPEG,1536,2048,box,697,1217,897,1517
IMG_0092.JPEG,1536,2048,box,939,1230,1122,1547
IMG_0092.JPEG,1536,2048,box,1152,1300,1378,1657
IMG_0092.JPEG,1536,2048,box,82,1476,248,1759
IMG_0092.JPEG,1536,2048,box,242,1506,408,1798
IMG_0092.JPEG,1536,2048,box,403,1555,597,1851
IMG_0092.JPEG,1536,2048,box,578,1572,791,1904
IMG_0092.JPEG,1536,2048,box,788,1649,1008,1981
IMG_0092.JPEG,1536,2048,box,1014,1704,1239,2042
IMG_0092.JPEG,1536,2048,box,1259,1768,1536,2048
IMG_0092.JPEG,1536,2048,box,1388,1332,1536,1674
IMG_0093.JPEG,1536,2048,box,120,134,308,478
IMG_0093.JPEG,1536,2048,box,333,136,508,476
IMG_0093.JPEG,1536,2048,box,591,155,750,489
IMG_0093.JPEG,1536,2048,box,750,138,933,491
IMG_0093.JPEG,1536,2048,box,982,51,1235,504
IMG_0093.JPEG,1536,2048,box,1337,44,1536,513
IMG_0093.JPEG,1536,2048,box,1054,587,1344,1087
IMG_0093.JPEG,1536,2048,box,782,534,1008,1000
IMG_0093.JPEG,1536,2048,box,593,519,776,949
IMG_0093.JPEG,1536,2048,box,437,521,610,917
IMG_0093.JPEG,1536,2048,box,282,513,439,872
IMG_0093.JPEG,1536,2048,box,361,991,488,1234
IMG_0093.JPEG,1536,2048,box,246,938,376,1200
IMG_0093.JPEG,1536,2048,box,495,1025,637,1291
IMG_0093.JPEG,1536,2048,box,631,1040,795,1351
IMG_0093.JPEG,1536,2048,box,842,1061,1008,1415
IMG_0093.JPEG,1536,2048,box,1033,1108,1195,1453
IMG_0093.JPEG,1536,2048,box,1184,1196,1418,1598
IMG_0093.JPEG,1536,2048,box,529,1370,695,1689
IMG_0093.JPEG,1536,2048,box,676,1442,839,1753
IMG_0093.JPEG,1536,2048,box,839,1513,1018,1853
IMG_0093.JPEG,1536,2048,box,1031,1581,1246,1947
IMG_0093.JPEG,1536,2048,box,1274,1689,1493,2048
IMG_0093.JPEG,1536,2048,box,408,1340,544,1581
IMG_0093.JPEG,1536,2048,box,301,1287,416,1521
IMG_0093.JPEG,1536,2048,box,214,1244,303,1449
IMG_0093.JPEG,1536,2048,box,118,1202,227,1408
IMG_0093.JPEG,1536,2048,box,71,544,212,813
IMG_0093.JPEG,1536,2048,box,18,172,154,466
IMG_0094.JPEG,1536,2048,box,269,536,639,1025
IMG_0094.JPEG,1536,2048,box,654,536,999,1032
IMG_0094.JPEG,1536,2048,box,5,532,278,1036
IMG_0094.JPEG,1536,2048,box,216,1208,471,1542
IMG_0094.JPEG,1536,2048,box,495,1185,727,1474
IMG_0094.JPEG,1536,2048,box,742,1221,971,1551
IMG_0094.JPEG,1536,2048,box,991,1219,1210,1553
IMG_0094.JPEG,1536,2048,box,1216,1187,1405,1483
IMG_0094.JPEG,1536,2048,box,1442,1183,1536,1523
IMG_0094.JPEG,1536,2048,box,120,1647,388,1978
IMG_0094.JPEG,1536,2048,box,401,1657,622,1985
IMG_0094.JPEG,1536,2048,box,633,1672,865,1978
IMG_0094.JPEG,1536,2048,box,882,1666,1122,1998
IMG_0094.JPEG,1536,2048,box,1139,1678,1365,1993
IMG_0094.JPEG,1536,2048,box,1,1670,127,1970
IMG_0094.JPEG,1536,2048,box,86,10,401,427
IMG_0094.JPEG,1536,2048,box,401,8,693,427
IMG_0094.JPEG,1536,2048,box,705,19,993,440
IMG_0094.JPEG,1536,2048,box,1120,8,1418,457
IMG_0094.JPEG,1536,2048,box,10,1151,244,1491
IMG_0094.JPEG,1536,2048,box,1391,1674,1536,1976
IMG_0095.JPEG,1536,2048,box,678,600,1050,1132
IMG_0095.JPEG,1536,2048,box,1076,653,1291,1076
IMG_0095.JPEG,1536,2048,box,1339,661,1531,1068
IMG_0095.JPEG,1536,2048,box,1,1430,235,1883
IMG_0095.JPEG,1536,2048,box,248,1408,608,1802
IMG_0095.JPEG,1536,2048,box,605,1321,886,1738
IMG_0095.JPEG,1536,2048,box,880,1278,1142,1634
IMG_0095.JPEG,1536,2048,box,1357,1219,1514,1538
IMG_0095.JPEG,1536,2048,box,1118,1678,1333,2048
IMG_0095.JPEG,1536,2048,box,895,1761,1127,2048
IMG_0095.JPEG,1536,2048,box,618,1793,876,2048
IMG_0095.JPEG,1536,2048,box,231,6,665,483
IMG_0095.JPEG,1536,2048,box,1029,2,1312,515
IMG_0095.JPEG,1536,2048,box,1318,4,1536,489
IMG_0095.JPEG,1536,2048,box,648,8,1008,491
IMG_0096.JPEG,1536,2048,box,122,602,552,1134
IMG_0096.JPEG,1536,2048,box,546,598,869,1098
IMG_0096.JPEG,1536,2048,box,897,534,1180,1044
IMG_0096.JPEG,1536,2048,box,1208,517,1448,989
IMG_0096.JPEG,1536,2048,box,1,1306,354,1644
IMG_0096.JPEG,1536,2048,box,361,1332,695,1698
IMG_0096.JPEG,1536,2048,box,693,1278,952,1634
IMG_0096.JPEG,1536,2048,box,980,1223,1176,1568
IMG_0096.JPEG,1536,2048,box,1199,1174,1367,1500
IMG_0096.JPEG,1536,2048,box,1027,1689,1203,1885
IMG_0096.JPEG,1536,2048,box,703,1653,937,1927
IMG_0096.JPEG,1536,2048,box,946,1,1169,427
IMG_0096.JPEG,1536,2048,box,1276,2,1488,453
IMG_0097.JPEG,1536,2048,box,120,144,486,691
IMG_0097.JPEG,1536,2048,box,471,159,812,706
IMG_0097.JPEG,1536,2048,box,803,189,1112,713
IMG_0097.JPEG,1536,2048,box,1403,215,1536,708
IMG_0097.JPEG,1536,2048,box,1093,291,1312,710
IMG_0097.JPEG,1536,2048,box,184,804,571,1278
IMG_0097.JPEG,1536,2048,box,578,798,914,1270
IMG_0097.JPEG,1536,2048,box,946,802,1248,1251
IMG_0097.JPEG,1536,2048,box,1274,800,1536,1242
IMG_0097.JPEG,1536,2048,box,378,1417,659,1796
IMG_0097.JPEG,1536,2048,box,654,1376,933,1783
IMG_0097.JPEG,1536,2048,box,952,1370,1237,1757
IMG_0097.JPEG,1536,2048,box,1261,1359,1536,1732
IMG_0097.JPEG,1536,2048,box,1376,1857,1536,2048
IMG_0098.JPEG,1536,2048,box,3,596,365,1098
IMG_0098.JPEG,1536,2048,box,371,593,669,1051
IMG_0098.JPEG,1536,2048,box,669,608,867,983
IMG_0098.JPEG,1536,2048,box,922,615,1114,987
IMG_0098.JPEG,1536,2048,box,1137,630,1293,964
IMG_0098.JPEG,1536,2048,box,1301,632,1448,947
IMG_0098.JPEG,1536,2048,box,42,1213,397,1621
IMG_0098.JPEG,1536,2048,box,393,1149,676,1506
IMG_0098.JPEG,1536,2048,box,676,1115,852,1455
IMG_0098.JPEG,1536,2048,box,867,1074,1016,1410
IMG_0098.JPEG,1536,2048,box,1027,1055,1150,1370
IMG_0098.JPEG,1536,2048,box,1161,1032,1274,1327
IMG_0098.JPEG,1536,2048,box,1295,1025,1393,1283
IMG_0098.JPEG,1536,2048,box,1391,1000,1486,1257
IMG_0098.JPEG,1536,2048,box,26,1713,299,2046
IMG_0098.JPEG,1536,2048,box,293,1638,531,1991
IMG_0098.JPEG,1536,2048,box,531,1585,729,1904
IMG_0098.JPEG,1536,2048,box,1044,1419,1186,1704
IMG_0098.JPEG,1536,2048,box,1178,1381,1280,1621
IMG_0098.JPEG,1536,2048,box,1297,1353,1380,1589
IMG_0098.JPEG,1536,2048,box,1391,1319,1476,1542
IMG_0098.JPEG,1536,2048,box,739,87,950,540
IMG_0098.JPEG,1536,2048,box,461,2,725,530
IMG_0098.JPEG,1536,2048,box,952,147,1139,568
IMG_0098.JPEG,1536,2048,box,1161,198,1295,574
IMG_0098.JPEG,1536,2048,box,1331,230,1439,576
IMG_0098.JPEG,1536,2048,box,1431,247,1536,578
IMG_0098.JPEG,1536,2048,box,118,42,365,493
IMG_0099.JPEG,1536,2048,box,1112,387,1431,1004
IMG_0099.JPEG,1536,2048,box,842,421,1054,919
IMG_0099.JPEG,1536,2048,box,625,389,799,847
IMG_0099.JPEG,1536,2048,box,450,370,620,761
IMG_0099.JPEG,1536,2048,box,269,313,450,719
IMG_0099.JPEG,1536,2048,box,154,293,274,561
IMG_0099.JPEG,1536,2048,box,1112,1104,1344,1570
IMG_0099.JPEG,1536,2048,box,888,1044,1084,1468
IMG_0099.JPEG,1536,2048,box,710,953,865,1336
IMG_0099.JPEG,1536,2048,box,397,838,510,1159
IMG_0099.JPEG,1536,2048,box,261,810,367,1087
IMG_0099.JPEG,1536,2048,box,146,751,261,1015
IMG_0099.JPEG,1536,2048,box,52,719,142,968
IMG_0099.JPEG,1536,2048,box,12,985,112,1232
IMG_0099.JPEG,1536,2048,box,125,1078,265,1359
IMG_0099.JPEG,1536,2048,box,250,1155,388,1421
IMG_0099.JPEG,1536,2048,box,378,1227,520,1519
IMG_0099.JPEG,1536,2048,box,527,1285,691,1602
IMG_0099.JPEG,1536,2048,box,1127,1657,1397,2021
IMG_0100.JPEG,1536,2048,box,67,155,388,572
IMG_0100.JPEG,1536,2048,box,384,178,680,587
IMG_0100.JPEG,1536,2048,box,691,161,935,596
IMG_0100.JPEG,1536,2048,box,935,164,1176,583
IMG_0100.JPEG,1536,2048,box,1199,181,1410,604
IMG_0100.JPEG,1536,2048,box,1437,174,1536,602
IMG_0100.JPEG,1536,2048,box,159,653,484,1061
IMG_0100.JPEG,1536,2048,box,488,661,778,1051
IMG_0100.JPEG,1536,2048,box,795,668,1061,1053
IMG_0100.JPEG,1536,2048,box,1088,672,1337,1047
IMG_0100.JPEG,1536,2048,box,1361,674,1536,1036
IMG_0100.JPEG,1536,2048,box,1,1178,180,1483
IMG_0100.JPEG,1536,2048,box,188,1164,405,1481
IMG_0100.JPEG,1536,2048,box,416,1170,644,1491
IMG_0100.JPEG,1536,2048,box,652,1159,859,1481
IMG_0100.JPEG,1536,2048,box,865,1159,1061,1476
IMG_0100.JPEG,1536,2048,box,1084,1170,1265,1472
IMG_0100.JPEG,1536,2048,box,1297,1142,1484,1455
IMG_0100.JPEG,1536,2048,box,512,1617,735,1883
IMG_0100.JPEG,1536,2048,box,742,1613,925,1874
IMG_0100.JPEG,1536,2048,box,937,1589,1122,1857
IMG_0100.JPEG,1536,2048,box,1148,1589,1322,1834
IMG_0100.JPEG,1536,2048,box,1348,1581,1501,1836
IMG_0100.JPEG,1536,2048,box,1,666,159,1034
IMG_0101.JPEG,1536,2048,box,212,540,529,978
IMG_0101.JPEG,1536,2048,box,529,551,795,974
IMG_0101.JPEG,1536,2048,box,805,530,1118,987
IMG_0101.JPEG,1536,2048,box,1142,536,1437,985
IMG_0101.JPEG,1536,2048,box,12,1070,346,1442
IMG_0101.JPEG,1536,2048,box,335,1083,663,1451
IMG_0101.JPEG,1536,2048,box,657,1130,878,1455
IMG_0101.JPEG,1536,2048,box,899,1130,1120,1455
IMG_0101.JPEG,1536,2048,box,1135,1115,1346,1447
IMG_0101.JPEG,1536,2048,box,1376,1078,1536,1434
IMG_0101.JPEG,1536,2048,box,1,1589,176,1840
IMG_0101.JPEG,1536,2048,box,176,1587,416,1853
IMG_0101.JPEG,1536,2048,box,412,1578,631,1851
IMG_0101.JPEG,1536,2048,box,637,1551,850,1851
IMG_0101.JPEG,1536,2048,box,871,1542,1063,1851
IMG_0101.JPEG,1536,2048,box,1103,1544,1280,1851
IMG_0101.JPEG,1536,2048,box,1339,1542,1536,1847
IMG_0101.JPEG,1536,2048,box,1,1,269,432
IMG_0101.JPEG,1536,2048,box,1,568,227,976
IMG_0101.JPEG,1536,2048,box,248,6,531,440
IMG_0101.JPEG,1536,2048,box,567,1,842,444
IMG_0101.JPEG,1536,2048,box,863,1,1174,474
IMG_0101.JPEG,1536,2048,box,1167,1,1478,485
IMG_0102.JPEG,1536,2048,box,88,1,299,264
IMG_0102.JPEG,1536,2048,box,303,1,539,285
IMG_0102.JPEG,1536,2048,box,537,10,767,283
IMG_0102.JPEG,1536,2048,box,780,8,982,289
IMG_0102.JPEG,1536,2048,box,1003,1,1216,276
IMG_0102.JPEG,1536,2048,box,1229,6,1444,296
IMG_0102.JPEG,1536,2048,box,95,400,305,725
IMG_0102.JPEG,1536,2048,box,303,396,514,727
IMG_0102.JPEG,1536,2048,box,520,408,746,727
IMG_0102.JPEG,1536,2048,box,739,406,946,753
IMG_0102.JPEG,1536,2048,box,952,427,1135,738
IMG_0102.JPEG,1536,2048,box,1154,413,1320,753
IMG_0102.JPEG,1536,2048,box,20,821,231,1113
IMG_0102.JPEG,1536,2048,box,218,813,425,1127
IMG_0102.JPEG,1536,2048,box,425,832,618,1123
IMG_0102.JPEG,1536,2048,box,616,832,810,1142
IMG_0102.JPEG,1536,2048,box,825,851,1022,1155
IMG_0102.JPEG,1536,2048,box,1,1176,131,1485
IMG_0102.JPEG,1536,2048,box,150,1176,337,1500
IMG_0102.JPEG,1536,2048,box,339,1213,546,1508
IMG_0102.JPEG,1536,2048,box,554,1206,735,1510
IMG_0102.JPEG,1536,2048,box,746,1198,927,1506
IMG_0102.JPEG,1536,2048,box,954,1193,1157,1532
IMG_0102.JPEG,1536,2048,box,1182,1206,1416,1540
IMG_0102.JPEG,1536,2048,box,1152,1644,1365,1902
IMG_0102.JPEG,1536,2048,box,967,1627,1137,1900
IMG_0102.JPEG,1536,2048,box,742,1653,916,1885
IMG_0102.JPEG,1536,2048,box,550,1651,731,1883
IMG_0102.JPEG,1536,2048,box,365,1636,552,1876
IMG_0102.JPEG,1536,2048,box,176,1630,371,1864
IMG_0102.JPEG,1536,2048,box,1,1623,178,1855
IMG_0102.JPEG,1536,2048,box,1361,1613,1536,1906
IMG_0103.JPEG,1536,2048,box,693,287,839,602
IMG_0103.JPEG,1536,2048,box,863,270,1042,617
IMG_0103.JPEG,1536,2048,box,1063,238,1254,625
IMG_0103.JPEG,1536,2048,box,1280,206,1536,644
IMG_0103.JPEG,1536,2048,box,1320,747,1536,1149
IMG_0103.JPEG,1536,2048,box,1108,730,1314,1138
IMG_0103.JPEG,1536,2048,box,912,717,1103,1068
IMG_0103.JPEG,1536,2048,box,748,649,925,1034
IMG_0103.JPEG,1536,2048,box,608,642,761,985
IMG_0103.JPEG,1536,2048,box,491,625,601,966
IMG_0103.JPEG,1536,2048,box,1165,1200,1391,1606
IMG_0103.JPEG,1536,2048,box,976,1106,1142,1540
IMG_0103.JPEG,1536,2048,box,799,1066,961,1440
IMG_0103.JPEG,1536,2048,box,650,1019,791,1387
IMG_0103.JPEG,1536,2048,box,937,1585,1125,1953
IMG_0103.JPEG,1536,2048,box,1112,1666,1325,2036
IMG_0103.JPEG,1536,2048,box,793,1510,965,1772
IMG_0103.JPEG,1536,2048,box,661,1447,810,1693
IMG_0103.JPEG,1536,2048,box,533,1400,676,1651
IMG_0103.JPEG,1536,2048,box,425,349,542,602
IMG_0103.JPEG,1536,2048,box,322,359,429,578
IMG_0103.JPEG,1536,2048,box,225,366,316,566
IMG_0103.JPEG,1536,2048,box,133,374,225,570
IMG_0103.JPEG,1536,2048,box,137,672,210,870
IMG_0103.JPEG,1536,2048,box,212,687,291,868
IMG_0103.JPEG,1536,2048,box,291,689,391,896
IMG_0103.JPEG,1536,2048,box,395,700,493,925
IMG_0103.JPEG,1536,2048,box,454,1042,563,1240
IMG_0103.JPEG,1536,2048,box,363,978,457,1221
IMG_0103.JPEG,1536,2048,box,271,955,365,1178
IMG_0103.JPEG,1536,2048,box,195,936,280,1153
IMG_0103.JPEG,1536,2048,box,105,906,186,1119
IMG_0103.JPEG,1536,2048,box,101,1170,184,1374
IMG_0103.JPEG,1536,2048,box,167,1210,250,1421
IMG_0103.JPEG,1536,2048,box,235,1249,342,1466
IMG_0103.JPEG,1536,2048,box,333,1283,427,1525
IMG_0103.JPEG,1536,2048,box,410,1325,535,1602
IMG_0103.JPEG,1536,2048,box,1,349,71,559
IMG_0103.JPEG,1536,2048,box,1,598,46,821
IMG_0104.JPEG,1536,2048,box,246,868,442,1151
IMG_0104.JPEG,1536,2048,box,446,874,652,1144
IMG_0104.JPEG,1536,2048,box,678,868,903,1161
IMG_0104.JPEG,1536,2048,box,895,864,1135,1181
IMG_0104.JPEG,1536,2048,box,1146,819,1408,1185
IMG_0104.JPEG,1536,2048,box,1399,821,1536,1185
IMG_0104.JPEG,1536,2048,box,1291,1247,1536,1696
IMG_0104.JPEG,1536,2048,box,1035,1230,1282,1681
IMG_0104.JPEG,1536,2048,box,808,1332,1027,1659
IMG_0104.JPEG,1536,2048,box,588,1325,795,1634
IMG_0104.JPEG,1536,2048,box,359,1310,565,1621
IMG_0104.JPEG,1536,2048,box,165,1308,354,1600
IMG_0104.JPEG,1536,2048,box,14,1270,161,1568
IMG_0104.JPEG,1536,2048,box,52,1693,248,2048
IMG_0104.JPEG,1536,2048,box,267,1715,454,2048
IMG_0104.JPEG,1536,2048,box,488,1727,701,2048
IMG_0104.JPEG,1536,2048,box,714,1744,927,2048
IMG_0104.JPEG,1536,2048,box,935,1778,1180,2048
IMG_0104.JPEG,1536,2048,box,1227,1753,1333,2048
IMG_0105.JPEG,1536,2048,box,63,391,391,898
IMG_0105.JPEG,1536,2048,box,374,393,652,874
IMG_0105.JPEG,1536,2048,box,646,410,895,870
IMG_0105.JPEG,1536,2048,box,899,476,1127,855
IMG_0105.JPEG,1536,2048,box,1144,498,1354,859
IMG_0105.JPEG,1536,2048,box,1371,496,1536,872
IMG_0105.JPEG,1536,2048,box,65,1025,331,1340
IMG_0105.JPEG,1536,2048,box,499,942,748,1325
IMG_0105.JPEG,1536,2048,box,737,932,967,1293
IMG_0105.JPEG,1536,2048,box,971,934,1174,1287
IMG_0105.JPEG,1536,2048,box,1201,925,1376,1270
IMG_0105.JPEG,1536,2048,box,1414,955,1536,1257
IMG_0105.JPEG,1536,2048,box,82,1487,329,1755
IMG_0105.JPEG,1536,2048,box,312,1432,557,1721
IMG_0105.JPEG,1536,2048,box,552,1406,759,1678
IMG_0105.JPEG,1536,2048,box,767,1376,963,1666
IMG_0105.JPEG,1536,2048,box,969,1419,1150,1674
IMG_0105.JPEG,1536,2048,box,1182,1396,1337,1649
IMG_0105.JPEG,1536,2048,box,1361,1385,1516,1630
IMG_0105.JPEG,1536,2048,box,161,4,486,340
IMG_0105.JPEG,1536,2048,box,493,10,780,347
IMG_0105.JPEG,1536,2048,box,791,4,1046,364
IMG_0105.JPEG,1536,2048,box,1067,6,1301,372
IMG_0105.JPEG,1536,2048,box,1339,6,1533,389
IMG_0108.JPEG,1536,2048,box,99,178,363,585
IMG_0108.JPEG,1536,2048,box,354,225,578,591
IMG_0108.JPEG,1536,2048,box,576,257,780,613
IMG_0108.JPEG,1536,2048,box,774,287,939,610
IMG_0108.JPEG,1536,2048,box,942,315,1097,623
IMG_0108.JPEG,1536,2048,box,1099,357,1229,625
IMG_0108.JPEG,1536,2048,box,1229,366,1357,644
IMG_0108.JPEG,1536,2048,box,916,753,1067,993
IMG_0108.JPEG,1536,2048,box,761,753,920,1000
IMG_0108.JPEG,1536,2048,box,578,672,771,1019
IMG_0108.JPEG,1536,2048,box,371,678,580,1036
IMG_0108.JPEG,1536,2048,box,144,661,367,1055
IMG_0108.JPEG,1536,2048,box,63,1191,301,1468
IMG_0108.JPEG,1536,2048,box,284,1149,495,1410
IMG_0108.JPEG,1536,2048,box,495,1119,674,1402
IMG_0108.JPEG,1536,2048,box,105,1596,316,1919
IMG_0108.JPEG,1536,2048,box,318,1566,516,1838
IMG_0108.JPEG,1536,2048,box,512,1515,693,1785
IMG_0108.JPEG,1536,2048,box,682,1496,837,1732
IMG_0108.JPEG,1536,2048,box,1308,17,1427,289
IMG_0109.JPEG,1536,2048,box,933,1325,1088,1621
IMG_0109.JPEG,1536,2048,box,1088,1391,1278,1681
IMG_0109.JPEG,1536,2048,box,995,1006,1135,1257
IMG_0109.JPEG,1536,2048,box,1193,481,1484,891
IMG_0109.JPEG,1536,2048,box,91,151,239,417
IMG_0109.JPEG,1536,2048,box,218,127,378,415
IMG_0109.JPEG,1536,2048,box,446,130,582,410
IMG_0109.JPEG,1536,2048,box,565,104,669,410
IMG_0109.JPEG,1536,2048,box,671,78,844,410
IMG_0109.JPEG,1536,2048,box,846,53,1057,413
IMG_0109.JPEG,1536,2048,box,1293,1,1536,438
IMG_0109.JPEG,1536,2048,box,805,476,971,847
IMG_0109.JPEG,1536,2048,box,663,478,795,802
IMG_0109.JPEG,1536,2048,box,512,474,663,778
IMG_0109.JPEG,1536,2048,box,367,510,512,774
IMG_0109.JPEG,1536,2048,box,248,504,374,761
IMG_0109.JPEG,1536,2048,box,144,500,263,727
IMG_0109.JPEG,1536,2048,box,35,483,154,723
IMG_0109.JPEG,1536,2048,box,3,808,80,993
IMG_0109.JPEG,1536,2048,box,82,819,165,1021
IMG_0109.JPEG,1536,2048,box,171,838,274,1040
IMG_0109.JPEG,1536,2048,box,274,815,376,1059
IMG_0109.JPEG,1536,2048,box,484,847,627,1144
IMG_0109.JPEG,1536,2048,box,644,942,748,1166
IMG_0109.JPEG,1536,2048,box,748,947,863,1204
IMG_0109.JPEG,1536,2048,box,869,970,988,1223
IMG_0109.JPEG,1536,2048,box,1142,1036,1335,1285
IMG_0109.JPEG,1536,2048,box,622,1266,750,1478
IMG_0109.JPEG,1536,2048,box,495,1217,629,1432
IMG_0109.JPEG,1536,2048,box,418,1155,510,1374
IMG_0109.JPEG,1536,2048,box,303,1127,412,1334
IMG_0109.JPEG,1536,2048,box,210,1093,320,1291
IMG_0109.JPEG,1536,2048,box,110,1072,214,1244
IMG_0107.JPEG,1536,2048,box,5,83,276,553
IMG_0107.JPEG,1536,2048,box,278,89,527,555
IMG_0107.JPEG,1536,2048,box,520,93,767,551
IMG_0107.JPEG,1536,2048,box,782,161,1012,549
IMG_0107.JPEG,1536,2048,box,1044,170,1261,553
IMG_0107.JPEG,1536,2048,box,1271,172,1488,566
IMG_0107.JPEG,1536,2048,box,35,600,297,1008
IMG_0107.JPEG,1536,2048,box,288,604,550,998
IMG_0107.JPEG,1536,2048,box,546,600,778,1008
IMG_0107.JPEG,1536,2048,box,786,621,991,996
IMG_0107.JPEG,1536,2048,box,1018,619,1214,1000
IMG_0107.JPEG,1536,2048,box,1233,623,1433,993
IMG_0107.JPEG,1536,2048,box,1301,1110,1512,1413
IMG_0107.JPEG,1536,2048,box,1108,1113,1312,1398
IMG_0107.JPEG,1536,2048,box,912,1123,1091,1400
IMG_0107.JPEG,1536,2048,box,691,1081,888,1347
IMG_0107.JPEG,1536,2048,box,129,1542,301,1800
IMG_0107.JPEG,1536,2048,box,546,1459,710,1676
IMG_0107.JPEG,1536,2048,box,716,1534,897,1783
IMG_0107.JPEG,1536,2048,box,897,1538,1091,1778
IMG_0107.JPEG,1536,2048,box,1114,1549,1271,1793
IMG_0107.JPEG,1536,2048,box,1299,1572,1463,1778
IMG_0107.JPEG,1536,2048,box,91,1121,235,1383
IMG_0106.JPEG,1536,2048,box,214,1087,465,1436
IMG_0106.JPEG,1536,2048,box,457,1076,697,1413
IMG_0106.JPEG,1536,2048,box,697,1074,933,1415
IMG_0106.JPEG,1536,2048,box,978,604,1214,964
IMG_0106.JPEG,1536,2048,box,727,621,976,964
IMG_0106.JPEG,1536,2048,box,476,615,725,947
IMG_0106.JPEG,1536,2048,box,167,532,482,951
IMG_0106.JPEG,1536,2048,box,1,536,152,981
IMG_0106.JPEG,1536,2048,box,1,74,212,461
IMG_0106.JPEG,1536,2048,box,208,47,488,472
IMG_0106.JPEG,1536,2048,box,491,59,757,466
IMG_0106.JPEG,1536,2048,box,771,70,1012,461
IMG_0106.JPEG,1536,2048,box,3,1076,216,1383
IMG_0106.JPEG,1536,2048,box,54,1553,220,1804
IMG_0106.JPEG,1536,2048,box,246,1496,450,1770
IMG_0106.JPEG,1536,2048,box,463,1536,669,1819
IMG_0106.JPEG,1536,2048,box,929,1102,1142,1393
IMG_0106.JPEG,1536,2048,box,676,1551,871,1806
IMG_0106.JPEG,1536,2048,box,880,1547,1067,1793
IMG_0106.JPEG,1536,2048,box,1080,1510,1252,1736
IMG_0106.JPEG,1536,2048,box,1265,1500,1446,1719
IMG_0106.JPEG,1536,2048,box,1384,1098,1536,1398
IMG_0106.JPEG,1536,2048,box,1161,1121,1357,1387
IMG_0106.JPEG,1536,2048,box,1220,587,1482,964
IMG_0106.JPEG,1536,2048,box,1022,42,1267,466
IMG_0106.JPEG,1536,2048,box,1316,4,1536,451
IMG_0027.JPEG,1536,2048,box,1144,668,1439,1302
IMG_0027.JPEG,1536,2048,box,1046,30,1284,521
IMG_0027.JPEG,1536,2048,box,822,42,1033,523
IMG_0027.JPEG,1536,2048,box,639,130,797,559
IMG_0027.JPEG,1536,2048,box,512,147,637,530
IMG_0027.JPEG,1536,2048,box,386,217,501,525
IMG_0027.JPEG,1536,2048,box,295,244,403,525
IMG_0027.JPEG,1536,2048,box,220,261,305,523
IMG_0027.JPEG,1536,2048,box,584,676,708,1061
IMG_0027.JPEG,1536,2048,box,731,670,891,1110
IMG_0027.JPEG,1536,2048,box,891,742,1097,1202
IMG_0027.JPEG,1536,2048,box,1137,1349,1391,1951
IMG_0027.JPEG,1536,2048,box,893,1234,1103,1802
IMG_0027.JPEG,1536,2048,box,720,1166,893,1634
IMG_0027.JPEG,1536,2048,box,550,1076,731,1506
IMG_0027.JPEG,1536,2048,box,437,1030,563,1408
IMG_0027.JPEG,1536,2048,box,352,1008,450,1313
IMG_0027.JPEG,1536,2048,box,818,1719,1001,2048
IMG_0027.JPEG,1536,2048,box,682,1574,822,2030
IMG_0027.JPEG,1536,2048,box,571,1506,678,1889
IMG_0027.JPEG,1536,2048,box,474,1430,567,1757
IMG_0027.JPEG,1536,2048,box,388,1366,480,1636
IMG_0027.JPEG,1536,2048,box,308,1270,410,1551
IMG_0027.JPEG,1536,2048,box,214,947,286,1170
IMG_0027.JPEG,1536,2048,box,344,621,452,932
IMG_0027.JPEG,1536,2048,box,242,610,357,893
IMG_0027.JPEG,1536,2048,box,184,632,254,864
IMG_0027.JPEG,1536,2048,box,152,889,218,1140
IMG3,720,405,box,73,105,184,255
IMG3,720,405,box,184,97,293,255
IMG3,720,405,box,295,95,403,259
IMG3,720,405,box,407,96,512,259
IMG3,720,405,box,511,88,621,258
IMG3,720,405,box,626,89,720,261
IMG3,720,405,box,625,296,720,405
IMG3,720,405,box,511,290,626,405
IMG3,720,405,box,404,288,512,405
IMG3,720,405,box,297,287,403,405
IMG3,720,405,box,191,292,294,405
IMG3,720,405,box,85,297,192,405
IMG3,720,405,box,1,296,83,405
IMG5,4032,3024,box,2108,1312,2392,1753
IMG5,4032,3024,box,2470,1321,2783,1768
IMG5,4032,3024,box,2827,1346,3139,1821
IMG5,4032,3024,box,3233,2031,3552,2537
IMG5,4032,3024,box,2830,1993,3152,2493
IMG5,4032,3024,box,2439,1971,2745,2440
IMG5,4032,3024,box,2108,1937,2389,2384
IMG6,1024,768,box,475,332,555,459
IMG6,1024,768,box,391,334,469,460
IMG6,1024,768,box,309,337,386,463
IMG6,1024,768,box,303,491,385,613
IMG6,1024,768,box,387,487,471,608
IMG6,1024,768,box,474,486,554,610
IMG6,1024,768,box,469,173,553,303
IMG6,1024,768,box,383,172,463,306
IMG6,1024,768,box,299,169,378,305
IMG6,1024,768,box,481,1,574,121
IMG6,1024,768,box,381,3,471,124
IMG6,1024,768,box,287,1,380,123
IMG6,1024,768,box,469,675,549,768
IMG6,1024,768,box,386,676,467,768
IMG6,1024,768,box,297,676,382,768
IMG7,750,563,box,351,45,457,191
IMG7,750,563,box,462,46,584,190
IMG7,750,563,box,577,20,710,185
IMG7,750,563,box,254,70,343,197
IMG7,750,563,box,158,63,255,204
IMG7,750,563,box,50,49,160,202
IMG7,750,563,box,1,233,89,374
IMG7,750,563,box,88,231,174,373
IMG7,750,563,box,179,228,279,374
IMG7,750,563,box,286,222,391,374
IMG7,750,563,box,395,226,507,379
IMG7,750,563,box,508,203,640,385
IMG7,750,563,box,640,208,748,378
IMG7,750,563,box,566,420,699,563
IMG7,750,563,box,427,429,559,563
IMG7,750,563,box,310,404,426,563
IMG7,750,563,box,195,448,311,563
IMG7,750,563,box,85,426,203,563
IMG7,750,563,box,1,429,94,563
IMG8,770,540,box,113,47,604,540
IMG12,1024,736,box,82,199,202,355
IMG12,1024,736,box,198,223,289,357
IMG12,1024,736,box,293,220,387,357
IMG12,1024,736,box,395,209,486,355
IMG12,1024,736,box,485,205,575,357
IMG12,1024,736,box,580,204,667,357
IMG12,1024,736,box,789,207,882,357
IMG12,1024,736,box,886,208,980,353
IMG12,1024,736,box,786,1,877,154
IMG12,1024,736,box,678,1,778,155
IMG12,1024,736,box,64,4,170,158
IMG12,1024,736,box,168,2,274,154
IMG12,1024,736,box,213,412,309,543
IMG12,1024,736,box,309,412,401,543
IMG12,1024,736,box,504,393,587,529
IMG12,1024,736,box,425,372,498,491
IMG12,1024,736,box,594,399,684,543
IMG12,1024,736,box,684,422,774,540
IMG12,1024,736,box,774,402,864,538
IMG12,1024,736,box,866,403,952,540
IMG12,1024,736,box,949,574,1024,718
IMG12,1024,736,box,844,577,941,715
IMG12,1024,736,box,754,578,835,717
IMG12,1024,736,box,560,575,646,723
IMG12,1024,736,box,473,578,557,717
IMG12,1024,736,box,384,599,471,726
IMG12,1024,736,box,294,601,384,725
IMG12,1024,736,box,212,596,288,715
IMG12,1024,736,box,77,598,170,725
IMG12,1024,736,box,887,26,982,158
IMG13,4032,3024,box,527,328,2183,2499
IMG13,4032,3024,box,2161,434,3732,2424
IMG14,2356,1571,box,720,151,1184,608
IMG14,2356,1571,box,1184,185,1607,635
IMG14,2356,1571,box,1741,1,2245,470
IMG14,2356,1571,box,1709,595,2189,1290
IMG14,2356,1571,box,1193,779,1625,1163
IMG14,2356,1571,box,800,767,1187,1119
IMG14,2356,1571,box,325,604,678,1151
IMG14,2356,1571,box,1,538,266,1040
IMG14,2356,1571,box,353,1,666,426
IMG14,2356,1571,box,348,1124,761,1571
IMG14,2356,1571,box,827,1238,1207,1571
IMG14,2356,1571,box,1207,1283,1591,1571
IMG14,2356,1571,box,1668,1258,2114,1571
IMG17,1280,720,box,53,3,243,262
IMG17,1280,720,box,236,17,410,274
IMG17,1280,720,box,412,30,564,270
IMG17,1280,720,box,575,40,721,289
IMG17,1280,720,box,735,47,868,289
IMG17,1280,720,box,885,67,1017,304
IMG17,1280,720,box,1032,73,1144,297
IMG17,1280,720,box,326,317,520,539
IMG17,1280,720,box,143,313,329,537
IMG17,1280,720,box,1,300,135,526
IMG17,1280,720,box,521,331,648,514
IMG17,1280,720,box,661,337,787,522
IMG17,1280,720,box,809,349,936,546
IMG17,1280,720,box,963,338,1086,555
IMG17,1280,720,box,1117,345,1246,552
IMG17,1280,720,box,590,622,719,720
IMG18,1600,1200,box,328,118,489,325
IMG18,1600,1200,box,490,124,641,325
IMG18,1600,1200,box,688,140,826,312
IMG18,1600,1200,box,821,138,943,282
IMG18,1600,1200,box,938,136,1065,318
IMG18,1600,1200,box,1156,110,1298,324
IMG18,1600,1200,box,1317,114,1427,320
IMG18,1600,1200,box,1433,128,1547,323
IMG18,1600,1200,box,1385,415,1488,607
IMG18,1600,1200,box,1288,409,1398,605
IMG18,1600,1200,box,1148,423,1299,633
IMG18,1600,1200,box,995,423,1146,623
IMG18,1600,1200,box,809,397,978,618
IMG18,1600,1200,box,638,405,800,618
IMG18,1600,1200,box,538,402,633,583
IMG18,1600,1200,box,407,425,527,587
IMG18,1600,1200,box,228,420,354,623
IMG18,1600,1200,box,99,400,235,599
IMG18,1600,1200,box,1,691,94,892
IMG18,1600,1200,box,116,660,273,863
IMG18,1600,1200,box,630,694,795,909
IMG18,1600,1200,box,983,715,1112,926
IMG18,1600,1200,box,1117,714,1243,893
IMG18,1600,1200,box,1247,686,1374,863
IMG18,1600,1200,box,1053,956,1173,1140
IMG18,1600,1200,box,923,984,1067,1160
IMG18,1600,1200,box,762,982,921,1155
IMG18,1600,1200,box,593,1009,762,1188
IMG18,1600,1200,box,428,1023,598,1200
IMG18,1600,1200,box,202,1000,363,1187
IMG18,1600,1200,box,60,971,215,1156
IMG18,1600,1200,box,1296,946,1417,1112
IMG19,3448,2576,box,669,41,1087,687
IMG19,3448,2576,box,298,87,652,666
IMG19,3448,2576,box,1133,139,1550,668
IMG19,3448,2576,box,1539,117,1950,679
IMG19,3448,2576,box,1998,57,2406,676
IMG19,3448,2576,box,2431,60,2828,676
IMG19,3448,2576,box,2833,109,3193,695
IMG19,3448,2576,box,2323,1049,2731,1639
IMG19,3448,2576,box,2701,1036,3106,1630
IMG19,3448,2576,box,1552,1060,1909,1598
IMG19,3448,2576,box,1128,1049,1547,1633
IMG19,3448,2576,box,685,1041,1109,1660
IMG19,3448,2576,box,263,1017,677,1649
IMG19,3448,2576,box,274,2009,706,2571
IMG19,3448,2576,box,704,2030,1106,2576
IMG19,3448,2576,box,1114,2033,1498,2560
IMG19,3448,2576,box,1506,2003,1890,2544
IMG19,3448,2576,box,1898,2006,2258,2536
IMG19,3448,2576,box,2293,2003,2696,2539
IMG19,3448,2576,box,2755,2014,3131,2539
IMG19,3448,2576,box,3152,1993,3448,2528
IMG21,3378,2457,box,818,246,1600,2164
IMG21,3378,2457,box,1677,133,3180,2457
IMG21,3378,2457,box,403,543,841,1669
IMG21,3378,2457,box,121,397,411,1558
IMG22,700,400,box,114,177,191,320
IMG22,700,400,box,20,181,110,326
IMG22,700,400,box,200,175,275,306
IMG22,700,400,box,274,173,330,296
IMG22,700,400,box,329,176,379,294
IMG22,700,400,box,358,18,401,131
IMG22,700,400,box,301,10,356,129
IMG22,700,400,box,241,3,294,122
IMG22,700,400,box,166,2,237,121
IMG22,700,400,box,92,1,164,113
IMG22,700,400,box,1,2,88,108
IMG22,700,400,box,409,18,459,130
IMG22,700,400,box,491,33,535,135
IMG22,700,400,box,537,35,566,136
IMG22,700,400,box,584,165,617,263
IMG22,700,400,box,549,167,579,266
IMG22,700,400,box,510,165,547,270
IMG22,700,400,box,471,166,508,273
IMG22,700,400,box,430,167,472,278
IMG22,700,400,box,383,169,431,287
IMG22,700,400,box,616,173,644,255
IMG22,700,400,box,640,171,670,252
IMG22,700,400,box,625,286,652,375
IMG22,700,400,box,597,291,626,375
IMG22,700,400,box,571,297,596,388
IMG22,700,400,box,541,309,570,396
IMG22,700,400,box,507,313,535,400
IMG22,700,400,box,466,317,502,400
IMG22,700,400,box,423,323,462,400
IMG22,700,400,box,378,329,421,400
IMG23,1200,800,box,430,183,552,407
IMG23,1200,800,box,633,49,808,334
IMG23,1200,800,box,865,2,1040,252
IMG23,1200,800,box,867,348,1111,661
IMG23,1200,800,box,690,384,868,668
IMG23,1200,800,box,466,423,585,680
IMG24,2937,2203,box,790,892,1324,1535
IMG24,2937,2203,box,1310,821,1774,1449
IMG24,2937,2203,box,1828,842,2299,1524
IMG24,2937,2203,box,2353,842,2794,1533
IMG24,2937,2203,box,340,903,744,1637
IMG24,2937,2203,box,1,735,317,1539
IMG24,2937,2203,box,1301,151,1663,637
IMG25,1140,712,box,394,206,522,408
IMG25,1140,712,box,522,205,656,413
IMG25,1140,712,box,687,216,825,408
IMG25,1140,712,box,840,220,973,410
IMG25,1140,712,box,979,215,1116,409
IMG25,1140,712,box,762,474,896,679
IMG25,1140,712,box,629,479,762,672
IMG25,1140,712,box,502,480,627,675
IMG25,1140,712,box,355,484,481,670
IMG25,1140,712,box,228,464,345,662
IMG25,1140,712,box,106,461,213,658
IMG25,1140,712,box,1,464,90,650
IMG25,1140,712,box,1,2,100,180
IMG25,1140,712,box,105,6,223,176
IMG25,1140,712,box,222,7,345,174
IMG25,1140,712,box,344,2,469,172
IMG25,1140,712,box,476,1,606,172
IMG25,1140,712,box,606,1,739,172
IMG25,1140,712,box,741,1,869,174
IMG25,1140,712,box,869,1,1000,175
IMG25,1140,712,box,998,1,1132,174
IMG26,1600,1067,box,581,434,688,595
IMG26,1600,1067,box,693,432,818,576
IMG26,1600,1067,box,238,671,358,917
IMG26,1600,1067,box,86,704,227,945
IMG26,1600,1067,box,200,187,341,386
IMG26,1600,1067,box,52,183,210,395
IMG26,1600,1067,box,340,181,480,380
IMG26,1600,1067,box,476,173,599,368
IMG26,1600,1067,box,586,201,686,377
IMG26,1600,1067,box,694,213,785,371
IMG26,1600,1067,box,793,222,895,376
IMG26,1600,1067,box,963,228,1044,368
IMG26,1600,1067,box,1047,239,1110,371
IMG26,1600,1067,box,1168,93,1235,197
IMG26,1600,1067,box,1232,105,1287,206
IMG26,1600,1067,box,1186,247,1245,373
IMG26,1600,1067,box,1238,251,1294,366
IMG26,1600,1067,box,1094,415,1156,534
IMG26,1600,1067,box,1166,411,1215,526
IMG26,1600,1067,box,994,421,1057,547
IMG26,1600,1067,box,492,688,607,838
IMG26,1600,1067,box,377,685,472,853
IMG26,1600,1067,box,680,663,770,793
IMG26,1600,1067,box,870,830,972,983
IMG26,1600,1067,box,583,880,704,1067
IMG26,1600,1067,box,1141,757,1194,868
IMG26,1600,1067,box,1193,744,1250,845
IMG26,1600,1067,box,1247,734,1291,833
IMG26,1600,1067,box,923,592,995,735
IMG26,1600,1067,box,1016,585,1086,721
IMG26,1600,1067,box,766,606,841,771
IMG26,1600,1067,box,295,426,407,589
IMG26,1600,1067,box,404,426,529,582
IMG27,1200,821,box,788,254,838,384
IMG27,1200,821,box,830,252,884,382
IMG27,1200,821,box,830,36,879,163
IMG27,1200,821,box,727,6,786,151
IMG27,1200,821,box,790,15,847,162
IMG_0231.JPEG,1536,2048,box,1062,654,1389,1144
IMG_0231.JPEG,1536,2048,box,1152,3,1536,554
IMG_0231.JPEG,1536,2048,box,995,1109,1256,1520
IMG_0231.JPEG,1536,2048,box,1252,1209,1536,1607
IMG_0234.JPEG,1536,2048,box,483,438,756,799
IMG_0234.JPEG,1536,2048,box,763,397,1060,797
IMG_0234.JPEG,1536,2048,box,169,897,462,1405
IMG_0234.JPEG,1536,2048,box,467,905,760,1389
IMG_0234.JPEG,1536,2048,box,762,905,1065,1403
IMG_0234.JPEG,1536,2048,box,1067,954,1397,1412
IMG_0234.JPEG,1536,2048,box,142,1487,456,2038
IMG_0234.JPEG,1536,2048,box,462,1503,775,2044
IMG_0234.JPEG,1536,2048,box,785,1532,1111,2046
IMG_0234.JPEG,1536,2048,box,1112,1562,1446,2048
IMG_0239.JPEG,1536,2048,box,338,842,803,1434
IMG_0239.JPEG,1536,2048,box,830,830,1265,1420
IMG_0466.JPEG,1536,2048,box,571,769,1101,1514
IMG_0466.JPEG,1536,2048,box,111,112,589,632
IMG_0466.JPEG,1536,2048,box,579,112,1034,626
IMG_0466.JPEG,1536,2048,box,1032,130,1462,630
IMG_0466.JPEG,1536,2048,box,1095,777,1460,1399
IMG_0466.JPEG,1536,2048,box,30,775,569,1556
IMG_0477.JPEG,1536,2048,box,252,214,807,1007
IMG_0477.JPEG,1536,2048,box,797,230,1395,1005
IMG_0679.JPEG,1536,2048,box,5,556,334,1112
IMG_0679.JPEG,1536,2048,box,342,575,714,1109
IMG_0193.JPEG,1536,2048,box,57,301,304,509
IMG_0193.JPEG,1536,2048,box,369,249,682,666
IMG_0193.JPEG,1536,2048,box,697,236,987,651
IMG_0193.JPEG,1536,2048,box,1059,174,1394,569
IMG_0193.JPEG,1536,2048,box,412,809,687,1174
IMG_0193.JPEG,1536,2048,box,1067,834,1397,1264
IMG_0193.JPEG,1536,2048,box,147,1396,424,1736
IMG_0193.JPEG,1536,2048,box,444,1404,687,1729
IMG_0193.JPEG,1536,2048,box,732,1399,1007,1771
IMG_0193.JPEG,1536,2048,box,1062,1414,1339,1796
IMG_0194.JPEG,1536,2048,box,534,4,954,471
IMG_0194.JPEG,1536,2048,box,184,724,562,1121
IMG_0194.JPEG,1536,2048,box,582,726,897,1086
IMG_0194.JPEG,1536,2048,box,964,681,1257,1061
IMG_0194.JPEG,1536,2048,box,1337,686,1536,1096
IMG_0194.JPEG,1536,2048,box,392,1171,602,1471
IMG_0194.JPEG,1536,2048,box,649,1179,902,1434
IMG_0194.JPEG,1536,2048,box,932,1171,1184,1441
IMG_0195.JPEG,1536,2048,box,12,344,287,866
IMG_0195.JPEG,1536,2048,box,319,336,659,836
IMG_0195.JPEG,1536,2048,box,682,329,959,806
IMG_0195.JPEG,1536,2048,box,1249,356,1394,714
IMG_0195.JPEG,1536,2048,box,12,1139,327,1499
IMG_0195.JPEG,1536,2048,box,324,1056,717,1404
IMG_0195.JPEG,1536,2048,box,932,954,1147,1249
IMG_0195.JPEG,1536,2048,box,1179,906,1339,1151
IMG_0195.JPEG,1536,2048,box,1369,879,1517,1129
IMG_0195.JPEG,1536,2048,box,279,1606,539,1836
IMG_0195.JPEG,1536,2048,box,617,1459,762,1716
IMG_0195.JPEG,1536,2048,box,994,1346,1174,1561
IMG_0195.JPEG,1536,2048,box,1207,1266,1334,1476
IMG_0195.JPEG,1536,2048,box,1344,1224,1472,1449
IMG_0197.JPEG,1536,2048,box,7,71,227,591
IMG_0197.JPEG,1536,2048,box,259,194,502,576
IMG_0197.JPEG,1536,2048,box,559,171,784,611
IMG_0197.JPEG,1536,2048,box,804,224,987,604
IMG_0197.JPEG,1536,2048,box,1007,256,1169,649
IMG_0197.JPEG,1536,2048,box,1187,321,1289,589
IMG_0197.JPEG,1536,2048,box,457,856,714,1236
IMG_0197.JPEG,1536,2048,box,759,771,939,1179
IMG_0197.JPEG,1536,2048,box,984,761,1102,1119
IMG_0197.JPEG,1536,2048,box,1134,761,1254,1046
IMG_0197.JPEG,1536,2048,box,1269,771,1374,1089
IMG_0197.JPEG,1536,2048,box,62,1496,467,1851
IMG_0197.JPEG,1536,2048,box,477,1386,724,1794
IMG_0197.JPEG,1536,2048,box,754,1311,979,1676
IMG_0197.JPEG,1536,2048,box,1129,1204,1297,1481
IMG_0197.JPEG,1536,2048,box,1304,1156,1414,1419
IMG_0197.JPEG,1536,2048,box,1447,1121,1536,1339
IMG_0197.JPEG,1536,2048,box,597,1954,774,2048
IMG_0197.JPEG,1536,2048,box,794,1806,987,1994
IMG_0197.JPEG,1536,2048,box,984,1644,1154,1921
IMG_0197.JPEG,1536,2048,box,1154,1576,1267,1826
IMG_0197.JPEG,1536,2048,box,1294,1526,1412,1711
IMG_0199.JPEG,1536,2048,box,74,276,444,779
IMG_0199.JPEG,1536,2048,box,444,281,764,801
IMG_0199.JPEG,1536,2048,box,784,341,1102,801
IMG_0199.JPEG,1536,2048,box,1194,339,1454,806
IMG_0199.JPEG,1536,2048,box,72,871,364,1201
IMG_0199.JPEG,1536,2048,box,392,879,654,1184
IMG_0199.JPEG,1536,2048,box,677,879,959,1211
IMG_0199.JPEG,1536,2048,box,999,929,1214,1204
IMG_0199.JPEG,1536,2048,box,1264,949,1474,1226
IMG_0199.JPEG,1536,2048,box,99,1306,359,1554
IMG_0199.JPEG,1536,2048,box,382,1319,609,1534
IMG_0199.JPEG,1536,2048,box,629,1331,862,1549
IMG_0199.JPEG,1536,2048,box,902,1336,1107,1554
IMG_0199.JPEG,1536,2048,box,1174,1361,1359,1586
IMG_0201.JPEG,1536,2048,box,107,1416,457,1799
IMG_0201.JPEG,1536,2048,box,472,1361,794,1749
IMG_0201.JPEG,1536,2048,box,832,1344,1129,1756
IMG_0201.JPEG,1536,2048,box,942,1904,1147,2046
IMG_0201.JPEG,1536,2048,box,632,1956,897,2048
IMG_0202.JPEG,1536,2048,box,194,1456,454,1949
IMG_0202.JPEG,1536,2048,box,462,1484,774,2004
IMG_0202.JPEG,1536,2048,box,792,1574,1107,2041
IMG_0202.JPEG,1536,2048,box,1169,1596,1534,2048
IMG_0203.JPEG,1536,2048,box,627,269,942,759
IMG_0203.JPEG,1536,2048,box,1029,241,1329,769
IMG_0203.JPEG,1536,2048,box,1419,246,1536,789
IMG_0203.JPEG,1536,2048,box,637,906,889,1294
IMG_0203.JPEG,1536,2048,box,927,906,1212,1329
IMG_0203.JPEG,1536,2048,box,677,1409,932,1759
IMG_0203.JPEG,1536,2048,box,952,1444,1192,1766
IMG_0203.JPEG,1536,2048,box,1232,1521,1484,1801
IMG_0203.JPEG,1536,2048,box,107,1701,357,2034
IMG_0203.JPEG,1536,2048,box,354,1766,592,2048
IMG_0203.JPEG,1536,2048,box,612,1839,849,2048
IMG_0203.JPEG,1536,2048,box,867,1896,1102,2048
IMG_0203.JPEG,1536,2048,box,1157,1944,1382,2048
IMG_0207.JPEG,1536,2048,box,1,449,62,591
IMG_0207.JPEG,1536,2048,box,49,434,149,689
IMG_0207.JPEG,1536,2048,box,134,416,239,666
IMG_0207.JPEG,1536,2048,box,229,404,329,679
IMG_0207.JPEG,1536,2048,box,327,394,467,701
IMG_0207.JPEG,1536,2048,box,27,776,102,1051
IMG_0207.JPEG,1536,2048,box,97,764,157,1059
IMG_0207.JPEG,1536,2048,box,152,781,249,1071
IMG_0207.JPEG,1536,2048,box,239,809,344,1101
IMG_0207.JPEG,1536,2048,box,344,859,474,1166
IMG_0207.JPEG,1536,2048,box,87,1121,164,1399
IMG_0207.JPEG,1536,2048,box,174,1164,237,1451
IMG_0207.JPEG,1536,2048,box,247,1224,344,1506
IMG_0207.JPEG,1536,2048,box,349,1244,449,1571
IMG_0207.JPEG,1536,2048,box,437,1291,577,1621
IMG_0207.JPEG,1536,2048,box,37,1389,112,1614
IMG_0207.JPEG,1536,2048,box,117,1431,189,1681
IMG_0207.JPEG,1536,2048,box,267,1546,349,1824
IMG_0207.JPEG,1536,2048,box,342,1639,482,1964
IMG_0207.JPEG,1536,2048,box,472,1709,569,2048
IMG_0207.JPEG,1536,2048,box,472,414,599,704
IMG_0207.JPEG,1536,2048,box,617,374,807,711
IMG_0207.JPEG,1536,2048,box,812,356,1029,751
IMG_0207.JPEG,1536,2048,box,1064,316,1339,731
IMG_0207.JPEG,1536,2048,box,1084,994,1339,1489
IMG_0207.JPEG,1536,2048,box,1407,1059,1536,1589
IMG_0207.JPEG,1536,2048,box,767,1486,954,1871
IMG_0207.JPEG,1536,2048,box,609,1401,752,1739
IMG_0208.JPEG,1536,2048,box,14,11,337,359
IMG_0208.JPEG,1536,2048,box,377,19,692,359
IMG_0208.JPEG,1536,2048,box,702,6,1044,364
IMG_0208.JPEG,1536,2048,box,777,646,1069,1036
IMG_0208.JPEG,1536,2048,box,1104,646,1377,1029
IMG_0208.JPEG,1536,2048,box,142,1214,439,1534
IMG_0208.JPEG,1536,2048,box,452,1221,709,1531
IMG_0208.JPEG,1536,2048,box,2,1674,254,1951
IMG_0208.JPEG,1536,2048,box,234,1656,484,1949
IMG_0208.JPEG,1536,2048,box,722,1664,969,1926
IMG_0208.JPEG,1536,2048,box,1009,1669,1229,1964
IMG_0208.JPEG,1536,2048,box,1239,1674,1497,1966
IMG_0210.JPEG,1536,2048,box,117,376,467,884
IMG_0210.JPEG,1536,2048,box,479,481,759,911
IMG_0210.JPEG,1536,2048,box,782,481,874,896
IMG_0210.JPEG,1536,2048,box,879,431,972,849
IMG_0210.JPEG,1536,2048,box,57,1071,392,1416
IMG_0210.JPEG,1536,2048,box,677,1109,917,1481
IMG_0210.JPEG,1536,2048,box,102,1566,382,1866
IMG_0210.JPEG,1536,2048,box,399,1569,632,1826
IMG_0210.JPEG,1536,2048,box,667,1524,867,1809
IMG_0210.JPEG,1536,2048,box,1047,6,1222,521
IMG_0222.JPEG,1536,2048,box,17,484,492,1129
IMG_0222.JPEG,1536,2048,box,499,566,842,1106
IMG_0222.JPEG,1536,2048,box,1217,594,1447,1049
IMG_0222.JPEG,1536,2048,box,177,1424,627,1814
IMG_0222.JPEG,1536,2048,box,674,1384,929,1744
IMG_0222.JPEG,1536,2048,box,1019,1296,1274,1669
IMG_0222.JPEG,1536,2048,box,1324,1291,1519,1581
IMG_0222.JPEG,1536,2048,box,937,1826,1189,2048
IMG_0224.JPEG,1536,2048,box,5,346,207,711
IMG_0224.JPEG,1536,2048,box,247,336,562,739
IMG_0224.JPEG,1536,2048,box,867,416,1132,736
IMG_0224.JPEG,1536,2048,box,1117,331,1412,719
IMG_0224.JPEG,1536,2048,box,517,899,807,1299
IMG_0224.JPEG,1536,2048,box,1062,849,1372,1281
IMG_0224.JPEG,1536,2048,box,4,1454,282,1951
IMG_0224.JPEG,1536,2048,box,304,1486,597,1946
IMG_0224.JPEG,1536,2048,box,909,1474,1224,1931
IMG_0225.JPEG,1536,2048,box,127,494,304,834
IMG_0225.JPEG,1536,2048,box,507,431,757,794
IMG_0225.JPEG,1536,2048,box,732,371,1012,754
IMG_0225.JPEG,1536,2048,box,1044,326,1409,686
IMG_0225.JPEG,1536,2048,box,82,984,264,1291
IMG_0225.JPEG,1536,2048,box,14,1394,117,1814
IMG_0225.JPEG,1536,2048,box,172,1381,324,1824
IMG_0225.JPEG,1536,2048,box,382,1394,574,1844
IMG_0225.JPEG,1536,2048,box,607,1419,859,1906
IMG_0225.JPEG,1536,2048,box,872,1429,1129,1926
IMG_0225.JPEG,1536,2048,box,1157,1494,1492,2014
IMG_0225.JPEG,1536,2048,box,302,959,487,1286
IMG_0225.JPEG,1536,2048,box,512,946,717,1284
IMG_0225.JPEG,1536,2048,box,1359,889,1536,1289
IMG_0226.JPEG,1536,2048,box,4,196,287,699
IMG_0226.JPEG,1536,2048,box,649,444,842,754
IMG_0226.JPEG,1536,2048,box,852,486,1064,794
IMG_0226.JPEG,1536,2048,box,1074,536,1217,809
IMG_0226.JPEG,1536,2048,box,1222,574,1357,829
IMG_0226.JPEG,1536,2048,box,1362,636,1472,839
IMG_0226.JPEG,1536,2048,box,462,866,769,1276
IMG_0226.JPEG,1536,2048,box,787,879,997,1246
IMG_0226.JPEG,1536,2048,box,1019,909,1192,1244
IMG_0226.JPEG,1536,2048,box,1204,916,1367,1236
IMG_0226.JPEG,1536,2048,box,1382,929,1509,1194
IMG_0226.JPEG,1536,2048,box,439,1439,744,1846
IMG_0226.JPEG,1536,2048,box,1369,1329,1527,1596
IMG_0227.JPEG,1536,2048,box,4,81,377,544
IMG_0227.JPEG,1536,2048,box,402,84,737,571
IMG_0227.JPEG,1536,2048,box,762,96,1109,566
IMG_0227.JPEG,1536,2048,box,1127,99,1432,571
IMG_0227.JPEG,1536,2048,box,2,724,372,1214
IMG_0227.JPEG,1536,2048,box,1377,711,1536,1109
IMG_0227.JPEG,1536,2048,box,29,1266,327,1616
IMG_0227.JPEG,1536,2048,box,377,1309,704,1636
IMG_0227.JPEG,1536,2048,box,719,1309,1019,1616
IMG_0227.JPEG,1536,2048,box,1049,1284,1304,1611
IMG_0227.JPEG,1536,2048,box,1334,1269,1536,1616
IMG_0227.JPEG,1536,2048,box,534,1766,774,2016
IMG_0227.JPEG,1536,2048,box,799,1756,994,2014
IMG_0227.JPEG,1536,2048,box,239,1784,529,2029
IMG_0227.JPEG,1536,2048,box,1067,1746,1237,1999
IMG_0227.JPEG,1536,2048,box,1317,1684,1529,1981
IMG_0228.JPEG,1536,2048,box ,7,69,264,599
IMG_0228.JPEG,1536,2048,box ,274,89,644,599
IMG_0228.JPEG,1536,2048,box ,679,136,984,629
IMG_0228.JPEG,1536,2048,box,1002,161,1272,631
IMG_0228.JPEG,1536,2048,box ,957,769,1192,1126
IMG_0228.JPEG,1536,2048,box ,2,1386,292,1774
IMG_0228.JPEG,1536,2048,box ,304,1396,614,1704
IMG_0228.JPEG,1536,2048,box ,634,1339,912,1624
IMG_0228.JPEG,1536,2048,box ,949,1304,1192,1604
IMG_0228.JPEG,1536,2048,box ,977,1724,1157,1999
IMG_0228.JPEG,1536,2048,box ,392,1849,624,2048
IMG_0228.JPEG,1536,2048,box ,109,1904,367,2039
IMG_0228.JPEG,1536,2048,box ,674,1791,874,2048
IMG_0230.JPEG,1536,2048,box,269,476,599,891
IMG_0230.JPEG,1536,2048,box,619,466,889,914
IMG_0230.JPEG,1536,2048,box,924,474,1182,924
IMG_0230.JPEG,1536,2048,box,922,1036,1109,1304
IMG_0230.JPEG,1536,2048,box,617,1021,832,1296
IMG_0230.JPEG,1536,2048,box,349,999,617,1264
IMG_0240.JPEG,1536,2048,box,389,14,932,676
IMG_0240.JPEG,1536,2048,box,954,14,1382,656
IMG_0240.JPEG,1536,2048,box,299,861,844,1434
IMG_0240.JPEG,1536,2048,box,882,836,1329,1371
IMG_0240.JPEG,1536,2048,box,484,1604,852,1979
IMG_0240.JPEG,1536,2048,box,859,1586,1149,1981
IMG_0240.JPEG,1536,2048,box,1197,1549,1459,1971
IMG_0241.JPEG,1536,2048,box,7,539,162,936
IMG_0241.JPEG,1536,2048,box,214,486,504,906
IMG_0241.JPEG,1536,2048,box,577,521,807,899
IMG_0241.JPEG,1536,2048,box,852,411,1164,879
IMG_0241.JPEG,1536,2048,box,1187,414,1536,864
IMG_0241.JPEG,1536,2048,box,132,1119,427,1661
IMG_0241.JPEG,1536,2048,box,1152,1086,1536,1629
IMG_0241.JPEG,1536,2048,box,64,1771,377,2039
IMG_0241.JPEG,1536,2048,box,407,1781,724,2048
IMG_0241.JPEG,1536,2048,box,777,1851,1159,2048
IMG_0242.JPEG,1536,2048,box,59,481,369,969
IMG_0242.JPEG,1536,2048,box,394,581,692,959
IMG_0242.JPEG,1536,2048,box,1002,664,1259,966
IMG_0242.JPEG,1536,2048,box ,1282,701,1532,1004
IMG_0242.JPEG,1536,2048,box ,1299,1209,1536,1621
IMG_0242.JPEG,1536,2048,box ,1004,1196,1284,1624
IMG_0242.JPEG,1536,2048,box ,684,1236,999,1654
IMG_0242.JPEG,1536,2048,box ,327,1174,657,1716
IMG_0242.JPEG,1536,2048,box ,7,1179,289,1686
IMG_0242.JPEG,1536,2048,box,327,1876,682,2048
IMG_0242.JPEG,1536,2048,box,722,1829,1104,2048
IMG_0242.JPEG,1536,2048,box,1142,1801,1407,2048
IMG_0243.JPEG,1536,2048,box,394,566,689,969
IMG_0243.JPEG,1536,2048,box,699,639,927,974
IMG_0243.JPEG,1536,2048,box,944,701,1112,999
IMG_0243.JPEG,1536,2048,box,7,1181,322,1609
IMG_0243.JPEG,1536,2048,box,357,1139,627,1561
IMG_0243.JPEG,1536,2048,box,672,1156,894,1564
IMG_0243.JPEG,1536,2048,box,907,1159,1107,1494
IMG_0243.JPEG,1536,2048,box,1124,1194,1284,1496
IMG_0243.JPEG,1536,2048,box,19,1829,359,2048
IMG_0243.JPEG,1536,2048,box,409,1749,724,2048
IMG_0243.JPEG,1536,2048,box,732,1749,992,2048
IMG_0243.JPEG,1536,2048,box,987,1659,1224,2048
IMG_0243.JPEG,1536,2048,box,1252,1691,1417,2048
IMG_0243.JPEG,1536,2048,box,1304,1196,1467,1514
IMG_0244.JPEG,1536,2048,box,204,656,487,1011
IMG_0244.JPEG,1536,2048,box,514,661,807,1011
IMG_0244.JPEG,1536,2048,box,824,664,1129,1014
IMG_0244.JPEG,1536,2048,box,1147,679,1447,1024
IMG_0244.JPEG,1536,2048,box,99,1229,404,1704
IMG_0244.JPEG,1536,2048,box,424,1229,767,1679
IMG_0244.JPEG,1536,2048,box,782,1221,1099,1659
IMG_0244.JPEG,1536,2048,box,1119,1259,1459,1659
IMG_0318.JPEG,1536,2048,box,269,484,529,929
IMG_0318.JPEG,1536,2048,box,519,471,787,959
IMG_0318.JPEG,1536,2048,box,79,1359,274,1666
IMG_0318.JPEG,1536,2048,box,104,1021,289,1301
IMG_0318.JPEG,1536,2048,box,1107,556,1472,1134
IMG_0318.JPEG,1536,2048,box,887,1334,1134,1726
IMG_0318.JPEG,1536,2048,box,907,1676,1097,2019
IMG_0319.JPEG,1536,2048,box,169,491,564,909
IMG_0319.JPEG,1536,2048,box,844,501,1247,1071
IMG_0319.JPEG,1536,2048,box,624,1229,972,1569
IMG_0319.JPEG,1536,2048,box,1092,1204,1419,1624
IMG_0319.JPEG,1536,2048,box,299,1801,679,2048
IMG_0319.JPEG,1536,2048,box,7,1796,279,2048
IMG_0321.JPEG,1536,2048,box,212,346,727,1029
IMG_0321.JPEG,1536,2048,box,767,386,1139,1034
IMG_0321.JPEG,1536,2048,box,1157,409,1472,979
IMG_0321.JPEG,1536,2048,box,4,1161,349,1729
IMG_0321.JPEG,1536,2048,box,364,1134,674,1484
IMG_0321.JPEG,1536,2048,box ,1004,1144,1417,1709
IMG_0326.JPEG,1536,2048,box,4,14,342,591
IMG_0326.JPEG,1536,2048,box,469,16,857,606
IMG_0326.JPEG,1536,2048,box,882,19,1099,596
IMG_0326.JPEG,1536,2048,box,269,761,749,1336
IMG_0326.JPEG,1536,2048,box,4,771,259,1346
IMG_0326.JPEG,1536,2048,box,757,726,1094,1311
IMG_0326.JPEG,1536,2048,box,159,1491,564,1974
IMG_0326.JPEG,1536,2048,box,607,1494,1017,1931
IMG_0326.JPEG,1536,2048,box,1027,1489,1404,1981
IMG_0378.JPEG,1536,2048,box,17,1,494,719
IMG_0378.JPEG,1536,2048,box,934,44,1314,669
IMG_0378.JPEG,1536,2048,box,692,904,1032,1234
IMG_0378.JPEG,1536,2048,box,1059,896,1374,1186
IMG_0378.JPEG,1536,2048,box,677,1404,1032,1709
IMG_0378.JPEG,1536,2048,box,1052,1419,1354,1719
IMG_0378.JPEG,1536,2048,box,259,1449,504,1654
IMG_0409.JPEG,1536,2048,box,899,506,1087,1021
IMG_0409.JPEG,1536,2048,box,1147,581,1509,724
IMG_0409.JPEG,1536,2048,box,1109,729,1536,869
IMG_0409.JPEG,1536,2048,box,1117,889,1532,1011
IMG_0409.JPEG,1536,2048,box,552,549,854,1041
IMG_0410.JPEG,1536,2048,box,269,1144,517,1564
IMG_0410.JPEG,1536,2048,box,564,1006,942,1576
IMG_0410.JPEG,1536,2048,box,922,1036,1357,1531
IMG_0410.JPEG,1536,2048,box,1304,999,1536,1536
IMG_0415.JPEG,1536,2048,box,932,156,1387,1101
IMG_0415.JPEG,1536,2048,box,879,1474,1427,1756
IMG_0415.JPEG,1536,2048,box,177,164,669,1006
IMG_0463.JPEG,1536,2048,box,182,529,729,1196
IMG_0463.JPEG,1536,2048,box,752,541,1212,1221
IMG_0463.JPEG,1536,2048,box,1287,541,1536,1229
IMG_0463.JPEG,1536,2048,box,314,1309,727,1706
IMG_0463.JPEG,1536,2048,box,749,1294,1137,1689
IMG_0463.JPEG,1536,2048,box,1174,1299,1402,1609
IMG_0463.JPEG,1536,2048,box,449,1749,729,1974
IMG_0463.JPEG,1536,2048,box,772,1744,1027,2048
IMG_0463.JPEG,1536,2048,box,1099,1749,1359,1994
IMG_0468.JPEG,1536,2048,box,547,426,1054,1069
IMG_0468.JPEG,1536,2048,box,1147,434,1536,1061
IMG_0468.JPEG,1536,2048,box,509,1231,944,1586
IMG_0468.JPEG,1536,2048,box,957,1171,1257,1476
IMG_0471.JPEG,1536,2048,box,272,494,809,1109
IMG_0471.JPEG,1536,2048,box,7,509,302,1106
IMG_0471.JPEG,1536,2048,box,7,1279,297,1694
IMG_0471.JPEG,1536,2048,box,267,1244,714,1636
IMG_0471.JPEG,1536,2048,box,739,1226,1087,1574
IMG_0471.JPEG,1536,2048,box,1139,1201,1454,1551
IMG_0473.JPEG,1536,2048,box,2,819,552,1391
IMG_0473.JPEG,1536,2048,box,554,761,1014,1241
IMG_0473.JPEG,1536,2048,box,32,1649,542,1934
IMG_0473.JPEG,1536,2048,box,527,1509,929,1786
IMG_0473.JPEG,1536,2048,box,957,1334,1214,1611
IMG_0473.JPEG,1536,2048,box,1289,1269,1532,1581
IMG_0473.JPEG,1536,2048,box,952,1801,1187,2024
IMG_0473.JPEG,1536,2048,box,1259,1731,1437,1979
IMG_0474.JPEG,1536,2048,box,139,281,519,759
IMG_0474.JPEG,1536,2048,box,524,259,877,756
IMG_0474.JPEG,1536,2048,box,897,284,1227,776
IMG_0474.JPEG,1536,2048,box,1289,296,1527,741
IMG_0474.JPEG,1536,2048,box,262,869,599,1279
IMG_0474.JPEG,1536,2048,box,604,876,882,1289
IMG_0474.JPEG,1536,2048,box,917,889,1192,1276
IMG_0474.JPEG,1536,2048,box,1244,901,1509,1279
IMG_0474.JPEG,1536,2048,box,19,1369,304,1726
IMG_0474.JPEG,1536,2048,box,322,1381,517,1721
IMG_0474.JPEG,1536,2048,box,534,1386,744,1724
IMG_0474.JPEG,1536,2048,box,764,1396,982,1711
IMG_0474.JPEG,1536,2048,box,1022,1391,1234,1714
IMG_0474.JPEG,1536,2048,box,1292,1419,1452,1724
IMG_0474.JPEG,1536,2048,box,77,1774,337,2048
IMG_0474.JPEG,1536,2048,box,362,1769,597,2048
IMG_0474.JPEG,1536,2048,box,1184,1809,1462,2048
IMG_0476.JPEG,1536,2048,box,442,694,774,1214
IMG_0476.JPEG,1536,2048,box,109,634,419,1121
IMG_0476.JPEG,1536,2048,box,32,1219,152,1346
IMG_0476.JPEG,1536,2048,box,172,1194,424,1569
IMG_0476.JPEG,1536,2048,box,424,1284,742,1726
IMG_0476.JPEG,1536,2048,box,864,1421,1182,1829
IMG_0476.JPEG,1536,2048,box,1187,1584,1536,2048
IMG_0634.JPEG,1536,2048,box,267,331,689,869
IMG_0634.JPEG,1536,2048,box,699,329,994,834
IMG_0634.JPEG,1536,2048,box,1032,329,1307,804
IMG_0634.JPEG,1536,2048,box,54,1001,409,1416
IMG_0634.JPEG,1536,2048,box,414,991,707,1391
IMG_0634.JPEG,1536,2048,box,707,994,984,1444
IMG_0634.JPEG,1536,2048,box,989,1034,1227,1351
IMG_0634.JPEG,1536,2048,box,1262,996,1464,1279
IMG_0634.JPEG,1536,2048,box,979,1476,1184,1789
IMG_0634.JPEG,1536,2048,box,1219,1439,1392,1776
IMG_0634.JPEG,1536,2048,box,449,1616,714,1881
IMG_0634.JPEG,1536,2048,box,737,1576,964,1784
IMG_0638.JPEG,1536,2048,box,667,769,1102,1334
IMG_0638.JPEG,1536,2048,box,1134,749,1534,1321
IMG_0638.JPEG,1536,2048,box,169,1709,592,2048
IMG_0638.JPEG,1536,2048,box,619,1679,949,2048
IMG_0638.JPEG,1536,2048,box,972,1664,1284,2041
IMG_0648.JPEG,1536,2048,box,17,11,584,884
IMG_0648.JPEG,1536,2048,box,592,74,1039,884
IMG_0648.JPEG,1536,2048,box,1,1186,467,1819
IMG_0648.JPEG,1536,2048,box,489,1181,952,1754
IMG_0648.JPEG,1536,2048,box,949,1131,1292,1669
IMG_0648.JPEG,1536,2048,box,1337,1106,1519,1604
IMG_0659.JPEG,1536,2048,box,947,1546,1239,2048
IMG_0659.JPEG,1536,2048,box,604,1511,884,2048
IMG_0659.JPEG,1536,2048,box,372,1459,574,2046
IMG_0659.JPEG,1536,2048,box,444,931,709,1391
IMG_0659.JPEG,1536,2048,box,752,929,1059,1434
IMG_0659.JPEG,1536,2048,box,1087,926,1472,1461
IMG_0659.JPEG,1536,2048,box,109,1511,354,2001
IMG_0659.JPEG,1536,2048,box,14,1459,132,1899
IMG_0659.JPEG,1536,2048,box,244,456,419,764
IMG_0659.JPEG,1536,2048,box,397,379,662,754
IMG_0659.JPEG,1536,2048,box,704,359,959,696
IMG_0659.JPEG,1536,2048,box,967,266,1294,704
IMG_0659.JPEG,1536,2048,box,1319,156,1536,656
IMG_0659.JPEG,1536,2048,box,7,1001,124,1361
IMG_0664.JPEG,1536,2048,box,302,1336,817,1634
IMG_0664.JPEG,1536,2048,box,847,1179,1234,1484
IMG_0664.JPEG,1536,2048,box,884,1641,1194,1836
IMG_0664.JPEG,1536,2048,box,82,1886,429,2046
IMG_0664.JPEG,1536,2048,box,509,1771,837,1906
IMG_0665.JPEG,1536,2048,box,104,1051,742,1379
IMG_0665.JPEG,1536,2048,box,742,899,1197,1231
IMG_0665.JPEG,1536,2048,box,1322,741,1532,1109
IMG_0665.JPEG,1536,2048,box,362,1494,814,1619
IMG_0665.JPEG,1536,2048,box,804,1354,1099,1551
IMG_0665.JPEG,1536,2048,box,27,1646,449,1769
IMG_0232.JPEG,1536,2048,box,1,975,287,1381
IMG_0232.JPEG,1536,2048,box,299,954,656,1369
IMG_0232.JPEG,1536,2048,box,665,958,1016,1395
IMG_0232.JPEG,1536,2048,box,79,1452,365,1763
IMG_0232.JPEG,1536,2048,box,381,1475,654,1771
IMG_0232.JPEG,1536,2048,box,705,1442,981,1777
IMG_0232.JPEG,1536,2048,box,622,212,1050,777
IMG_0235.JPEG,1536,2048,box,1,954,291,1487
IMG_0235.JPEG,1536,2048,box,307,1012,614,1469
IMG_0235.JPEG,1536,2048,box,895,1069,1150,1430
IMG_0235.JPEG,1536,2048,box,1356,1091,1536,1418
IMG_0235.JPEG,1536,2048,box,309,1616,638,2042
IMG_0235.JPEG,1536,2048,box,634,1642,934,2048
IMG_0235.JPEG,1536,2048,box,626,1032,899,1442
IMG_0235.JPEG,1536,2048,box,1142,1083,1365,1424
IMG_0237.JPEG,1536,2048,box,785,93,1305,848
IMG_0237.JPEG,1536,2048,box,832,1154,1316,1781
IMG_0237.JPEG,1536,2048,box,375,1097,830,1783
IMG_0238.JPEG,1536,2048,box,763,1587,1091,1838
IMG_0238.JPEG,1536,2048,box,736,865,1146,1426
IMG_0320.JPEG,1536,2048,box,520,1054,956,1650
IMG_0320.JPEG,1536,2048,box,173,1216,530,1707
IMG_0320.JPEG,1536,2048,box,956,1062,1252,1430
IMG_0320.JPEG,1536,2048,box,383,248,909,995
IMG_0320.JPEG,1536,2048,box,907,254,1426,971
IMG_0322.JPEG,1536,2048,box,550,454,905,975
IMG_0322.JPEG,1536,2048,box,903,469,1254,963
IMG_0322.JPEG,1536,2048,box,209,1079,722,1803
IMG_0322.JPEG,1536,2048,box,726,1097,1212,1793
IMG_0322.JPEG,1536,2048,box,571,3,873,452
IMG_0323.JPEG,1536,2048,box,724,1411,1109,2048
IMG_0328.JPEG,1536,2048,box,344,1,740,432
IMG_0328.JPEG,1536,2048,box,1197,5,1532,424
IMG_0328.JPEG,1536,2048,box,499,514,781,1007
IMG_0328.JPEG,1536,2048,box,797,520,1095,1034
IMG_0328.JPEG,1536,2048,box,1124,491,1532,1063
IMG_0330.JPEG,1536,2048,box,87,854,532,1422
IMG_0330.JPEG,1536,2048,box,520,858,924,1395
IMG_0330.JPEG,1536,2048,box,916,885,1265,1358
IMG_0330.JPEG,1536,2048,box,99,199,544,787
IMG_0330.JPEG,1536,2048,box,548,209,958,797
IMG_0336.JPEG,1536,2048,box,262,762,707,1381
IMG_0336.JPEG,1536,2048,box,1024,852,1416,1377
IMG_0336.JPEG,1536,2048,box,603,1522,946,2048
IMG_0336.JPEG,1536,2048,box,156,1481,593,2048
IMG_0337.JPEG,1536,2048,box,646,1,1063,636
IMG_0339.JPEG,1536,2048,box,491,1512,695,1697
IMG_0343.JPEG,1536,2048,box,1091,316,1432,991
IMG_0412.JPEG,1536,2048,box,360,1277,611,1438
IMG_0464.JPEG,1536,2048,box,726,1318,1212,1977
IMG_0464.JPEG,1536,2048,box,252,411,740,1211
IMG_0464.JPEG,1536,2048,box,744,422,1252,1205
IMG_0467.JPEG,1536,2048,box,681,124,1438,1185
IMG_0467.JPEG,1536,2048,box,636,1493,1173,2048
IMG_0467.JPEG,1536,2048,box,14,1503,654,2048
IMG_0635.JPEG,1536,2048,box,1060,1571,1254,1926
IMG_0646.JPEG,1536,2048,box,916,211,1448,985
IMG_0646.JPEG,1536,2048,box,767,1173,1287,1969
IMG_0646.JPEG,1536,2048,box,365,201,924,991
IMG_0658.JPEG,1536,2048,box,222,926,630,1522
IMG_0658.JPEG,1536,2048,box,622,930,1012,1507
IMG_0658.JPEG,1536,2048,box,985,887,1391,1469
IMG_0658.JPEG,1536,2048,box,422,1624,912,2048
IMG_0658.JPEG,1536,2048,box,914,1599,1395,2048
IMG_0658.JPEG,1536,2048,box,836,222,1207,738
IMG_0658.JPEG,1536,2048,box,456,195,842,740
IMG_0658.JPEG,1536,2048,box,36,195,434,730
IMG_0660.JPEG,1536,2048,box,3,414,252,881
IMG_0660.JPEG,1536,2048,box,254,414,591,883
IMG_0660.JPEG,1536,2048,box,585,414,924,873
IMG_0660.JPEG,1536,2048,box,909,411,1269,862
IMG_0660.JPEG,1536,2048,box,34,1007,377,1581
IMG_0660.JPEG,1536,2048,box,395,1683,856,2048
IMG_0660.JPEG,1536,2048,box,1199,1650,1536,2048
IMG_0660.JPEG,1536,2048,box,393,987,814,1548
IMG_0662.JPEG,1536,2048,box,850,185,1193,750
IMG_0662.JPEG,1536,2048,box,777,885,1107,1391
IMG_0662.JPEG,1536,2048,box,324,1626,650,2048
IMG_0662.JPEG,1536,2048,box,1189,228,1481,748
IMG_0198.JPEG,1536,2048,box,357,850,620,1247
IMG_0198.JPEG,1536,2048,box,620,889,893,1285
IMG_0198.JPEG,1536,2048,box,942,904,1197,1361
IMG_0198.JPEG,1536,2048,box,1226,906,1530,1417
IMG_0198.JPEG,1536,2048,box,421,1310,604,1620
IMG_0198.JPEG,1536,2048,box,119,1244,274,1508
IMG_0198.JPEG,1536,2048,box,623,1353,827,1685
IMG_0198.JPEG,1536,2048,box,829,1384,1033,1743
IMG_0198.JPEG,1536,2048,box,1052,1416,1366,1839
IMG_0198.JPEG,1536,2048,box,640,404,890,844
IMG_0198.JPEG,1536,2048,box,418,412,602,810
IMG_0198.JPEG,1536,2048,box,132,1625,317,1911
IMG_0198.JPEG,1536,2048,box,308,1691,507,1971
IMG_0198.JPEG,1536,2048,box,513,1731,714,2048
IMG_0198.JPEG,1536,2048,box,731,1794,968,2048
IMG_0200.JPEG,1536,2048,box,114,598,505,1083
IMG_0200.JPEG,1536,2048,box,533,586,824,1017
IMG_0200.JPEG,1536,2048,box,639,1125,886,1429
IMG_0200.JPEG,1536,2048,box,395,1147,609,1472
IMG_0200.JPEG,1536,2048,box,80,1187,336,1545
IMG_0200.JPEG,1536,2048,box,143,1623,414,1976
IMG_0205.JPEG,1536,2048,box,565,316,840,798
IMG_0205.JPEG,1536,2048,box,899,347,1164,792
IMG_0205.JPEG,1536,2048,box,302,1240,574,1526
IMG_0205.JPEG,1536,2048,box,901,953,1108,1240
IMG_0205.JPEG,1536,2048,box,564,1312,807,1570
IMG_0205.JPEG,1536,2048,box,814,1377,1050,1611
IMG_0205.JPEG,1536,2048,box,1082,1406,1288,1660
IMG_0205.JPEG,1536,2048,box,1155,1041,1445,1249
IMG_0205.JPEG,1536,2048,box,114,1233,318,1483
IMG_0206.JPEG,1536,2048,box,979,16,1202,527
IMG_0206.JPEG,1536,2048,box,818,625,1078,1040
IMG_0206.JPEG,1536,2048,box,1228,35,1440,535
IMG_0206.JPEG,1536,2048,box,302,12,647,561
IMG_0206.JPEG,1536,2048,box,1,14,262,555
IMG_0206.JPEG,1536,2048,box,336,1197,610,1518
IMG_0206.JPEG,1536,2048,box,817,1117,1042,1394
IMG_0206.JPEG,1536,2048,box,1055,1078,1212,1354
IMG_0206.JPEG,1536,2048,box,1253,1036,1396,1328
IMG_0206.JPEG,1536,2048,box,1129,610,1344,1016
IMG_0206.JPEG,1536,2048,box,89,1769,375,2032
IMG_0206.JPEG,1536,2048,box,64,1340,362,1580
IMG_0206.JPEG,1536,2048,box,372,1679,641,1922
IMG_0206.JPEG,1536,2048,box,653,1576,869,1865
IMG_0206.JPEG,1536,2048,box,892,1497,1074,1781
IMG_0206.JPEG,1536,2048,box,1102,1434,1280,1713
IMG_0204.JPEG,1536,2048,box,347,650,593,1031
IMG_0204.JPEG,1536,2048,box,146,645,357,1015
IMG_0204.JPEG,1536,2048,box,31,25,230,455
IMG_0204.JPEG,1536,2048,box,22,1106,194,1365
IMG_0204.JPEG,1536,2048,box,224,1495,410,1787
IMG_0204.JPEG,1536,2048,box,401,1557,613,1892
IMG_0204.JPEG,1536,2048,box,586,1628,800,1968
IMG_0204.JPEG,1536,2048,box,805,1706,1037,2038
IMG_0223.JPEG,1536,2048,box,545,42,850,530
IMG_0223.JPEG,1536,2048,box,1155,14,1490,546
IMG_0223.JPEG,1536,2048,box,953,715,1262,1133
IMG_0223.JPEG,1536,2048,box,397,693,663,1121
IMG_0223.JPEG,1536,2048,box,74,639,345,1120
IMG_0223.JPEG,1536,2048,box,169,1279,480,1665
IMG_0223.JPEG,1536,2048,box,518,1313,776,1651
IMG_0223.JPEG,1536,2048,box,829,1295,1120,1684
IMG_0223.JPEG,1536,2048,box,1163,1340,1407,1687
IMG_0223.JPEG,1536,2048,box,1082,1779,1404,2048
IMG_0223.JPEG,1536,2048,box,761,1771,1074,2048
IMG_0223.JPEG,1536,2048,box,277,1778,510,2048
IMG_0233.JPEG,1536,2048,box,957,344,1394,862
IMG_0233.JPEG,1536,2048,box,877,1014,1278,1511
IMG_0233.JPEG,1536,2048,box,567,339,946,864
IMG_0233.JPEG,1536,2048,box,179,355,536,895
IMG_0233.JPEG,1536,2048,box,1,386,160,881
IMG_0233.JPEG,1536,2048,box,917,1698,1265,2048
IMG_0233.JPEG,1536,2048,box,522,1682,882,2041
IMG_0233.JPEG,1536,2048,box,140,1698,503,2048
IMG_0236.JPEG,1536,2048,box,448,152,951,960
IMG_0236.JPEG,1536,2048,box,959,117,1419,943
IMG_0236.JPEG,1536,2048,box,1,141,448,950
IMG_0236.JPEG,1536,2048,box,55,1130,523,1854
IMG_0236.JPEG,1536,2048,box,516,1125,974,1869
IMG_0236.JPEG,1536,2048,box,1010,1132,1426,1872
IMG_0325.JPEG,1536,2048,box,361,902,770,1366
IMG_0325.JPEG,1536,2048,box,772,855,1064,1266
IMG_0325.JPEG,1536,2048,box,1159,865,1393,1248
IMG_0325.JPEG,1536,2048,box,1,930,377,1432
IMG_0325.JPEG,1536,2048,box,38,1519,381,1952
IMG_0325.JPEG,1536,2048,box,376,1461,714,1764
IMG_0325.JPEG,1536,2048,box,758,1446,1033,1739
IMG_0325.JPEG,1536,2048,box,1105,1365,1311,1669
IMG_0334.JPEG,1536,2048,box,353,186,853,860
IMG_0334.JPEG,1536,2048,box,332,975,777,1523
IMG_0334.JPEG,1536,2048,box,783,1018,1104,1469
IMG_0334.JPEG,1536,2048,box,876,245,1167,845
IMG_0334.JPEG,1536,2048,box,1191,309,1536,825
IMG_0334.JPEG,1536,2048,box,1,990,268,1518
IMG_0344.JPEG,1536,2048,box,476,206,830,729
IMG_0344.JPEG,1536,2048,box,542,925,795,1378
IMG_0344.JPEG,1536,2048,box,244,958,538,1368
IMG_0344.JPEG,1536,2048,box,497,1575,771,1962
IMG_0344.JPEG,1536,2048,box,811,1516,983,1938
IMG_0344.JPEG,1536,2048,box,852,878,1023,1363
IMG_0344.JPEG,1536,2048,box,866,146,1081,749
IMG_0379.JPEG,1536,2048,box,599,382,1140,1251
IMG_0379.JPEG,1536,2048,box,137,417,646,1171
IMG_0411.JPEG,1536,2048,box,376,961,758,1450
IMG_0411.JPEG,1536,2048,box,751,962,1143,1439
IMG_0411.JPEG,1536,2048,box,1,938,356,1454
IMG_0462.JPEG,1536,2048,box,772,113,1406,980
IMG_0462.JPEG,1536,2048,box,736,1244,1271,1672
IMG_0462.JPEG,1536,2048,box,1262,1243,1536,1760
IMG_0465.JPEG,1536,2048,box,782,917,1186,1385
IMG_0465.JPEG,1536,2048,box,1163,891,1536,1393
IMG_0465.JPEG,1536,2048,box,739,186,1083,627
IMG_0465.JPEG,1536,2048,box,745,1615,1209,2033
IMG_0465.JPEG,1536,2048,box,1215,1633,1536,2043
